# Blender v3.6.5 OBJ File: 'Cell 1_3.blend'
# www.blender.org
mtllib Cell_2.mtl
o Cell_2
v -0.443306 0.699483 0.441150
v -0.421405 0.677582 0.267279
v -0.269435 0.677582 0.419249
v -0.291336 0.677582 0.267279
v -0.421405 0.545417 0.289180
v -0.421405 0.545417 0.419249
v -0.291336 0.545417 0.289180
v -0.291336 0.545417 0.419249
v -0.421405 0.567318 0.267279
v -0.443306 0.545417 0.441150
v -0.291336 0.567318 0.267279
v -0.269435 0.567318 0.419249
v -0.443306 0.699483 0.267279
v -0.443306 0.545417 0.267279
v -0.269435 0.567318 0.289180
v -0.269435 0.677582 0.289180
v -0.269435 0.699483 0.267279
v -0.269435 0.545417 0.267279
v -0.269435 0.545417 0.441150
v -0.269435 0.699483 0.441150
v 0.443306 0.699483 0.441150
v 0.421405 0.677582 0.267279
v 0.269435 0.677582 0.419249
v 0.291336 0.677582 0.267279
v 0.421405 0.545417 0.289180
v 0.421405 0.545417 0.419249
v 0.291336 0.545417 0.289180
v 0.291336 0.545417 0.419249
v 0.421405 0.567318 0.267279
v 0.443306 0.545417 0.441150
v 0.291336 0.567318 0.267279
v 0.269435 0.567318 0.419249
v 0.443306 0.699483 0.267279
v 0.443306 0.545417 0.267279
v 0.269435 0.567318 0.289180
v 0.269435 0.677582 0.289180
v 0.269435 0.699483 0.267279
v 0.269435 0.545417 0.267279
v 0.269435 0.545417 0.441150
v 0.269435 0.699483 0.441150
v -0.443306 0.699483 -0.441150
v -0.421405 0.677582 -0.267279
v -0.269435 0.677582 -0.419249
v -0.291336 0.677582 -0.267279
v -0.421405 0.545417 -0.289180
v -0.421405 0.545417 -0.419249
v -0.291336 0.545417 -0.289180
v -0.291336 0.545417 -0.419249
v -0.421405 0.567318 -0.267279
v -0.443306 0.545417 -0.441150
v -0.291336 0.567318 -0.267279
v -0.269435 0.567318 -0.419249
v -0.443306 0.699483 -0.267279
v -0.443306 0.545417 -0.267279
v -0.269435 0.567318 -0.289180
v -0.269435 0.677582 -0.289180
v -0.269435 0.699483 -0.267279
v -0.269435 0.545417 -0.267279
v -0.269435 0.545417 -0.441150
v -0.269435 0.699483 -0.441150
v 0.443306 0.699483 -0.441150
v 0.421405 0.677582 -0.267279
v 0.269435 0.677582 -0.419249
v 0.291336 0.677582 -0.267279
v 0.421405 0.545417 -0.289180
v 0.421405 0.545417 -0.419249
v 0.291336 0.545417 -0.289180
v 0.291336 0.545417 -0.419249
v 0.421405 0.567318 -0.267279
v 0.443306 0.545417 -0.441150
v 0.291336 0.567318 -0.267279
v 0.269435 0.567318 -0.419249
v 0.443306 0.699483 -0.267279
v 0.443306 0.545417 -0.267279
v 0.269435 0.567318 -0.289180
v 0.269435 0.677582 -0.289180
v 0.269435 0.699483 -0.267279
v 0.269435 0.545417 -0.267279
v 0.269435 0.545417 -0.441150
v 0.269435 0.699483 -0.441150
v -0.443306 -0.699483 0.441150
v -0.421405 -0.677582 0.267279
v -0.269435 -0.677582 0.419249
v -0.291336 -0.677582 0.267279
v -0.421405 -0.545417 0.289180
v -0.421405 -0.545417 0.419249
v -0.291336 -0.545417 0.289180
v -0.291336 -0.545417 0.419249
v -0.421405 -0.567318 0.267279
v -0.443306 -0.545417 0.441150
v -0.291336 -0.567318 0.267279
v -0.269435 -0.567318 0.419249
v -0.443306 -0.699483 0.267279
v -0.443306 -0.545417 0.267279
v -0.269435 -0.567318 0.289180
v -0.269435 -0.677582 0.289180
v -0.269435 -0.699483 0.267279
v -0.269435 -0.545417 0.267279
v -0.269435 -0.545417 0.441150
v -0.269435 -0.699483 0.441150
v 0.443306 -0.699483 0.441150
v 0.421405 -0.677582 0.267279
v 0.269435 -0.677582 0.419249
v 0.291336 -0.677582 0.267279
v 0.421405 -0.545417 0.289180
v 0.421405 -0.545417 0.419249
v 0.291336 -0.545417 0.289180
v 0.291336 -0.545417 0.419249
v 0.421405 -0.567318 0.267279
v 0.443306 -0.545417 0.441150
v 0.291336 -0.567318 0.267279
v 0.269435 -0.567318 0.419249
v 0.443306 -0.699483 0.267279
v 0.443306 -0.545417 0.267279
v 0.269435 -0.567318 0.289180
v 0.269435 -0.677582 0.289180
v 0.269435 -0.699483 0.267279
v 0.269435 -0.545417 0.267279
v 0.269435 -0.545417 0.441150
v 0.269435 -0.699483 0.441150
v -0.443306 -0.699483 -0.441150
v -0.421405 -0.677582 -0.267279
v -0.269435 -0.677582 -0.419249
v -0.291336 -0.677582 -0.267279
v -0.421405 -0.545417 -0.289180
v -0.421405 -0.545417 -0.419249
v -0.291336 -0.545417 -0.289180
v -0.291336 -0.545417 -0.419249
v -0.421405 -0.567318 -0.267279
v -0.443306 -0.545417 -0.441150
v -0.291336 -0.567318 -0.267279
v -0.269435 -0.567318 -0.419249
v -0.443306 -0.699483 -0.267279
v -0.443306 -0.545417 -0.267279
v -0.269435 -0.567318 -0.289180
v -0.269435 -0.677582 -0.289180
v -0.269435 -0.699483 -0.267279
v -0.269435 -0.545417 -0.267279
v -0.269435 -0.545417 -0.441150
v -0.269435 -0.699483 -0.441150
v 0.443306 -0.699483 -0.441150
v 0.421405 -0.677582 -0.267279
v 0.269435 -0.677582 -0.419249
v 0.291336 -0.677582 -0.267279
v 0.421405 -0.545417 -0.289180
v 0.421405 -0.545417 -0.419249
v 0.291336 -0.545417 -0.289180
v 0.291336 -0.545417 -0.419249
v 0.421405 -0.567318 -0.267279
v 0.443306 -0.545417 -0.441150
v 0.291336 -0.567318 -0.267279
v 0.269435 -0.567318 -0.419249
v 0.443306 -0.699483 -0.267279
v 0.443306 -0.545417 -0.267279
v 0.269435 -0.567318 -0.289180
v 0.269435 -0.677582 -0.289180
v 0.269435 -0.699483 -0.267279
v 0.269435 -0.545417 -0.267279
v 0.269435 -0.545417 -0.441150
v 0.269435 -0.699483 -0.441150
v -0.416882 0.178209 0.287875
v -0.416882 -0.178209 0.287875
v -0.416882 -0.178208 0.414744
v -0.416882 0.178208 0.414744
v -0.290013 0.178209 0.287875
v -0.290013 -0.178209 0.287875
v -0.290013 0.178209 0.414744
v -0.290013 -0.178209 0.414744
v -0.419165 0.674382 0.178161
v -0.419165 0.674382 -0.178161
v -0.419165 0.565462 -0.178163
v -0.419165 0.565462 0.178163
v -0.290681 0.565462 -0.178164
v -0.290681 0.565462 0.178164
v -0.290681 0.674382 0.178162
v -0.290681 0.674382 -0.178162
v -0.178163 0.674331 0.288523
v 0.178163 0.674331 0.288523
v 0.178165 0.565432 0.288523
v -0.178165 0.565432 0.288523
v 0.178164 0.565432 0.416982
v -0.178164 0.565432 0.416982
v -0.178162 0.674331 0.416982
v 0.178162 0.674331 0.416982
v 0.416882 -0.178209 0.287875
v 0.416882 0.178209 0.287875
v 0.416882 0.178208 0.414744
v 0.416882 -0.178208 0.414744
v 0.290013 -0.178209 0.287875
v 0.290013 0.178209 0.287875
v 0.290013 -0.178209 0.414744
v 0.290013 0.178209 0.414744
v 0.419165 0.674382 -0.178161
v 0.419165 0.674382 0.178161
v 0.419165 0.565462 0.178163
v 0.419165 0.565462 -0.178163
v 0.290681 0.565462 0.178164
v 0.290681 0.565462 -0.178164
v 0.290681 0.674382 -0.178162
v 0.290681 0.674382 0.178162
v -0.416882 -0.178209 -0.287875
v -0.416882 0.178209 -0.287875
v -0.416882 0.178208 -0.414744
v -0.416882 -0.178208 -0.414744
v -0.290013 -0.178209 -0.287875
v -0.290013 0.178209 -0.287875
v -0.290013 -0.178209 -0.414744
v -0.290013 0.178209 -0.414744
v 0.178163 0.674331 -0.288523
v -0.178163 0.674331 -0.288523
v -0.178165 0.565432 -0.288523
v 0.178165 0.565432 -0.288523
v -0.178164 0.565432 -0.416982
v 0.178164 0.565432 -0.416982
v 0.178162 0.674331 -0.416982
v -0.178162 0.674331 -0.416982
v 0.416882 0.178209 -0.287875
v 0.416882 -0.178209 -0.287875
v 0.416882 -0.178208 -0.414744
v 0.416882 0.178208 -0.414744
v 0.290013 0.178209 -0.287875
v 0.290013 -0.178209 -0.287875
v 0.290013 0.178209 -0.414744
v 0.290013 -0.178209 -0.414744
v -0.419165 -0.674382 -0.178161
v -0.419165 -0.674382 0.178161
v -0.419165 -0.565462 0.178163
v -0.419165 -0.565462 -0.178163
v -0.290681 -0.565462 0.178164
v -0.290681 -0.565462 -0.178164
v -0.290681 -0.674382 -0.178162
v -0.290681 -0.674382 0.178162
v 0.178163 -0.674331 0.288523
v -0.178163 -0.674331 0.288523
v -0.178165 -0.565432 0.288523
v 0.178165 -0.565432 0.288523
v -0.178164 -0.565432 0.416982
v 0.178164 -0.565432 0.416982
v 0.178162 -0.674331 0.416982
v -0.178162 -0.674331 0.416982
v 0.419165 -0.674382 0.178161
v 0.419165 -0.674382 -0.178161
v 0.419165 -0.565462 -0.178163
v 0.419165 -0.565462 0.178163
v 0.290681 -0.565462 -0.178164
v 0.290681 -0.565462 0.178164
v 0.290681 -0.674382 0.178162
v 0.290681 -0.674382 -0.178162
v -0.178163 -0.674331 -0.288523
v 0.178163 -0.674331 -0.288523
v 0.178165 -0.565432 -0.288523
v -0.178165 -0.565432 -0.288523
v 0.178164 -0.565432 -0.416982
v -0.178164 -0.565432 -0.416982
v -0.178162 -0.674331 -0.416982
v 0.178162 -0.674331 -0.416982
v -0.423838 0.560790 -0.072602
v -0.423838 0.560790 0.072602
v -0.423838 0.679054 0.072602
v -0.423838 0.679054 -0.072602
v -0.419165 0.674382 -0.072602
v -0.419165 0.674382 0.072602
v -0.419165 0.565462 0.072602
v -0.419165 0.565462 -0.072602
v -0.290681 0.565462 0.072602
v -0.290681 0.565462 -0.072602
v -0.290681 0.674382 -0.072602
v -0.290681 0.674382 0.072602
v -0.286009 0.560790 0.072602
v -0.286009 0.560790 -0.072602
v -0.286009 0.679054 -0.072602
v -0.286009 0.679054 0.072602
v -0.318377 0.350879 0.368193
v -0.318377 0.422483 0.368193
v -0.318377 0.350879 0.342118
v -0.318377 0.422483 0.342118
v 0.318377 0.350879 0.368193
v 0.318377 0.422483 0.368193
v 0.318377 0.350879 0.342118
v 0.318377 0.422483 0.342118
v -0.318377 0.093104 0.368193
v -0.318377 0.164708 0.368193
v -0.318377 0.093104 0.342118
v -0.318377 0.164708 0.342118
v 0.318377 0.093104 0.368193
v 0.318377 0.164708 0.368193
v 0.318377 0.093104 0.342118
v 0.318377 0.164708 0.342118
v -0.318377 -0.164671 0.368193
v -0.318377 -0.093067 0.368193
v -0.318377 -0.164671 0.342118
v -0.318377 -0.093067 0.342118
v 0.318377 -0.164671 0.368193
v 0.318377 -0.093067 0.368193
v 0.318377 -0.164671 0.342118
v 0.318377 -0.093067 0.342118
v -0.318377 -0.422446 0.368193
v -0.318377 -0.350842 0.368193
v -0.318377 -0.422446 0.342118
v -0.318377 -0.350842 0.342118
v 0.318377 -0.422446 0.368193
v 0.318377 -0.350842 0.368193
v 0.318377 -0.422446 0.342118
v 0.318377 -0.350842 0.342118
v -0.318377 0.350879 -0.368193
v -0.318377 0.422483 -0.368193
v -0.318377 0.350879 -0.342118
v -0.318377 0.422483 -0.342118
v 0.318377 0.350879 -0.368193
v 0.318377 0.422483 -0.368193
v 0.318377 0.350879 -0.342118
v 0.318377 0.422483 -0.342118
v -0.318377 0.093104 -0.368193
v -0.318377 0.164708 -0.368193
v -0.318377 0.093104 -0.342118
v -0.318377 0.164708 -0.342118
v 0.318377 0.093104 -0.368193
v 0.318377 0.164708 -0.368193
v 0.318377 0.093104 -0.342118
v 0.318377 0.164708 -0.342118
v -0.318377 -0.164671 -0.368193
v -0.318377 -0.093067 -0.368193
v -0.318377 -0.164671 -0.342118
v -0.318377 -0.093067 -0.342118
v 0.318377 -0.164671 -0.368193
v 0.318377 -0.093067 -0.368193
v 0.318377 -0.164671 -0.342118
v 0.318377 -0.093067 -0.342118
v -0.318377 -0.422446 -0.368193
v -0.318377 -0.350842 -0.368193
v -0.318377 -0.422446 -0.342118
v -0.318377 -0.350842 -0.342118
v 0.318377 -0.422446 -0.368193
v 0.318377 -0.350842 -0.368193
v 0.318377 -0.422446 -0.342118
v 0.318377 -0.350842 -0.342118
v 0.368193 0.350879 0.318377
v 0.368193 0.422483 0.318377
v 0.342118 0.350879 0.318377
v 0.342118 0.422483 0.318377
v 0.368193 0.350879 -0.318377
v 0.368193 0.422483 -0.318377
v 0.342118 0.350879 -0.318377
v 0.342118 0.422483 -0.318377
v 0.368193 0.093104 0.318377
v 0.368193 0.164708 0.318377
v 0.342118 0.093104 0.318377
v 0.342118 0.164708 0.318377
v 0.368193 0.093104 -0.318377
v 0.368193 0.164708 -0.318377
v 0.342118 0.093104 -0.318377
v 0.342118 0.164708 -0.318377
v 0.368193 -0.164671 0.318377
v 0.368193 -0.093067 0.318377
v 0.342118 -0.164671 0.318377
v 0.342118 -0.093067 0.318377
v 0.368193 -0.164671 -0.318377
v 0.368193 -0.093067 -0.318377
v 0.342118 -0.164671 -0.318377
v 0.342118 -0.093067 -0.318377
v 0.368193 -0.422446 0.318377
v 0.368193 -0.350842 0.318377
v 0.342118 -0.422446 0.318377
v 0.342118 -0.350842 0.318377
v 0.368193 -0.422446 -0.318377
v 0.368193 -0.350842 -0.318377
v 0.342118 -0.422446 -0.318377
v 0.342118 -0.350842 -0.318377
v -0.368193 0.350879 0.318377
v -0.368193 0.422483 0.318377
v -0.342118 0.350879 0.318377
v -0.342118 0.422483 0.318377
v -0.368193 0.350879 -0.318377
v -0.368193 0.422483 -0.318377
v -0.342118 0.350879 -0.318377
v -0.342118 0.422483 -0.318377
v -0.368193 0.093104 0.318377
v -0.368193 0.164708 0.318377
v -0.342118 0.093104 0.318377
v -0.342118 0.164708 0.318377
v -0.368193 0.093104 -0.318377
v -0.368193 0.164708 -0.318377
v -0.342118 0.093104 -0.318377
v -0.342118 0.164708 -0.318377
v -0.368193 -0.164671 0.318377
v -0.368193 -0.093067 0.318377
v -0.342118 -0.164671 0.318377
v -0.342118 -0.093067 0.318377
v -0.368193 -0.164671 -0.318377
v -0.368193 -0.093067 -0.318377
v -0.342118 -0.164671 -0.318377
v -0.342118 -0.093067 -0.318377
v -0.368193 -0.422446 0.318377
v -0.368193 -0.350842 0.318377
v -0.342118 -0.422446 0.318377
v -0.342118 -0.350842 0.318377
v -0.368193 -0.422446 -0.318377
v -0.368193 -0.350842 -0.318377
v -0.342118 -0.422446 -0.318377
v -0.342118 -0.350842 -0.318377
v 0.093104 0.579602 0.368193
v 0.164708 0.579602 0.368193
v 0.093104 0.579602 0.342118
v 0.164708 0.579602 0.342118
v 0.093104 0.167664 0.342118
v 0.093104 0.089273 0.342118
v 0.164708 0.167664 0.368193
v 0.164708 0.089273 0.368193
v 0.164708 0.089273 0.342118
v 0.164708 0.167664 0.342118
v 0.093104 0.167664 0.368193
v 0.093104 0.089273 0.368193
v 0.164708 0.346328 0.368193
v 0.164708 0.427840 0.368193
v 0.093104 0.346328 0.368193
v 0.093104 0.427840 0.368193
v 0.164708 0.346328 0.342118
v 0.164708 0.427840 0.342118
v 0.093104 0.427840 0.342118
v 0.093104 0.346328 0.342118
v 0.167396 0.167664 0.373007
v 0.167396 0.089273 0.373007
v 0.167396 0.089273 0.339430
v 0.167396 0.167664 0.339430
v 0.090416 0.167664 0.373007
v 0.090416 0.089273 0.373007
v 0.090416 0.167664 0.339430
v 0.090416 0.089273 0.339430
v 0.090416 0.346328 0.373007
v 0.090416 0.427840 0.373007
v 0.090416 0.427840 0.339430
v 0.090416 0.346328 0.339430
v 0.167396 0.346328 0.373007
v 0.167396 0.427840 0.373007
v 0.167396 0.346328 0.339430
v 0.167396 0.427840 0.339430
v 0.093104 -0.579602 0.368193
v 0.164708 -0.579602 0.368193
v 0.093104 -0.579602 0.342118
v 0.164708 -0.579602 0.342118
v 0.093104 -0.167664 0.342118
v 0.093104 -0.089273 0.342118
v 0.164708 -0.167664 0.368193
v 0.164708 -0.089273 0.368193
v 0.164708 -0.089273 0.342118
v 0.164708 -0.167664 0.342118
v 0.093104 -0.167664 0.368193
v 0.093104 -0.089273 0.368193
v 0.164708 -0.346328 0.368193
v 0.164708 -0.427840 0.368193
v 0.093104 -0.346328 0.368193
v 0.093104 -0.427840 0.368193
v 0.164708 -0.346328 0.342118
v 0.164708 -0.427840 0.342118
v 0.093104 -0.427840 0.342118
v 0.093104 -0.346328 0.342118
v 0.167396 -0.167664 0.373007
v 0.167396 -0.089273 0.373007
v 0.167396 -0.089273 0.339430
v 0.167396 -0.167664 0.339430
v 0.090416 -0.167664 0.373007
v 0.090416 -0.089273 0.373007
v 0.090416 -0.167664 0.339430
v 0.090416 -0.089273 0.339430
v 0.090416 -0.346328 0.373007
v 0.090416 -0.427840 0.373007
v 0.090416 -0.427840 0.339430
v 0.090416 -0.346328 0.339430
v 0.167396 -0.346328 0.373007
v 0.167396 -0.427840 0.373007
v 0.167396 -0.346328 0.339430
v 0.167396 -0.427840 0.339430
v -0.093104 0.579602 0.368193
v -0.164708 0.579602 0.368193
v -0.093104 0.579602 0.342118
v -0.164708 0.579602 0.342118
v -0.093104 0.167664 0.342118
v -0.093104 0.089273 0.342118
v -0.164708 0.167664 0.368193
v -0.164708 0.089273 0.368193
v -0.164708 0.089273 0.342118
v -0.164708 0.167664 0.342118
v -0.093104 0.167664 0.368193
v -0.093104 0.089273 0.368193
v -0.164708 0.346328 0.368193
v -0.164708 0.427840 0.368193
v -0.093104 0.346328 0.368193
v -0.093104 0.427840 0.368193
v -0.164708 0.346328 0.342118
v -0.164708 0.427840 0.342118
v -0.093104 0.427840 0.342118
v -0.093104 0.346328 0.342118
v -0.167396 0.167664 0.373007
v -0.167396 0.089273 0.373007
v -0.167396 0.089273 0.339430
v -0.167396 0.167664 0.339430
v -0.090416 0.167664 0.373007
v -0.090416 0.089273 0.373007
v -0.090416 0.167664 0.339430
v -0.090416 0.089273 0.339430
v -0.090416 0.346328 0.373007
v -0.090416 0.427840 0.373007
v -0.090416 0.427840 0.339430
v -0.090416 0.346328 0.339430
v -0.167396 0.346328 0.373007
v -0.167396 0.427840 0.373007
v -0.167396 0.346328 0.339430
v -0.167396 0.427840 0.339430
v -0.093104 -0.579602 0.368193
v -0.164708 -0.579602 0.368193
v -0.093104 -0.579602 0.342118
v -0.164708 -0.579602 0.342118
v -0.093104 -0.167664 0.342118
v -0.093104 -0.089273 0.342118
v -0.164708 -0.167664 0.368193
v -0.164708 -0.089273 0.368193
v -0.164708 -0.089273 0.342118
v -0.164708 -0.167664 0.342118
v -0.093104 -0.167664 0.368193
v -0.093104 -0.089273 0.368193
v -0.164708 -0.346328 0.368193
v -0.164708 -0.427840 0.368193
v -0.093104 -0.346328 0.368193
v -0.093104 -0.427840 0.368193
v -0.164708 -0.346328 0.342118
v -0.164708 -0.427840 0.342118
v -0.093104 -0.427840 0.342118
v -0.093104 -0.346328 0.342118
v -0.167396 -0.167664 0.373007
v -0.167396 -0.089273 0.373007
v -0.167396 -0.089273 0.339430
v -0.167396 -0.167664 0.339430
v -0.090416 -0.167664 0.373007
v -0.090416 -0.089273 0.373007
v -0.090416 -0.167664 0.339430
v -0.090416 -0.089273 0.339430
v -0.090416 -0.346328 0.373007
v -0.090416 -0.427840 0.373007
v -0.090416 -0.427840 0.339430
v -0.090416 -0.346328 0.339430
v -0.167396 -0.346328 0.373007
v -0.167396 -0.427840 0.373007
v -0.167396 -0.346328 0.339430
v -0.167396 -0.427840 0.339430
v 0.093104 0.579602 -0.368193
v 0.164708 0.579602 -0.368193
v 0.093104 0.579602 -0.342118
v 0.164708 0.579602 -0.342118
v 0.093104 0.167664 -0.342118
v 0.093104 0.089273 -0.342118
v 0.164708 0.167664 -0.368193
v 0.164708 0.089273 -0.368193
v 0.164708 0.089273 -0.342118
v 0.164708 0.167664 -0.342118
v 0.093104 0.167664 -0.368193
v 0.093104 0.089273 -0.368193
v 0.164708 0.346328 -0.368193
v 0.164708 0.427840 -0.368193
v 0.093104 0.346328 -0.368193
v 0.093104 0.427840 -0.368193
v 0.164708 0.346328 -0.342118
v 0.164708 0.427840 -0.342118
v 0.093104 0.427840 -0.342118
v 0.093104 0.346328 -0.342118
v 0.167396 0.167664 -0.373007
v 0.167396 0.089273 -0.373007
v 0.167396 0.089273 -0.339430
v 0.167396 0.167664 -0.339430
v 0.090416 0.167664 -0.373007
v 0.090416 0.089273 -0.373007
v 0.090416 0.167664 -0.339430
v 0.090416 0.089273 -0.339430
v 0.090416 0.346328 -0.373007
v 0.090416 0.427840 -0.373007
v 0.090416 0.427840 -0.339430
v 0.090416 0.346328 -0.339430
v 0.167396 0.346328 -0.373007
v 0.167396 0.427840 -0.373007
v 0.167396 0.346328 -0.339430
v 0.167396 0.427840 -0.339430
v 0.093104 -0.579602 -0.368193
v 0.164708 -0.579602 -0.368193
v 0.093104 -0.579602 -0.342118
v 0.164708 -0.579602 -0.342118
v 0.093104 -0.167664 -0.342118
v 0.093104 -0.089273 -0.342118
v 0.164708 -0.167664 -0.368193
v 0.164708 -0.089273 -0.368193
v 0.164708 -0.089273 -0.342118
v 0.164708 -0.167664 -0.342118
v 0.093104 -0.167664 -0.368193
v 0.093104 -0.089273 -0.368193
v 0.164708 -0.346328 -0.368193
v 0.164708 -0.427840 -0.368193
v 0.093104 -0.346328 -0.368193
v 0.093104 -0.427840 -0.368193
v 0.164708 -0.346328 -0.342118
v 0.164708 -0.427840 -0.342118
v 0.093104 -0.427840 -0.342118
v 0.093104 -0.346328 -0.342118
v 0.167396 -0.167664 -0.373007
v 0.167396 -0.089273 -0.373007
v 0.167396 -0.089273 -0.339430
v 0.167396 -0.167664 -0.339430
v 0.090416 -0.167664 -0.373007
v 0.090416 -0.089273 -0.373007
v 0.090416 -0.167664 -0.339430
v 0.090416 -0.089273 -0.339430
v 0.090416 -0.346328 -0.373007
v 0.090416 -0.427840 -0.373007
v 0.090416 -0.427840 -0.339430
v 0.090416 -0.346328 -0.339430
v 0.167396 -0.346328 -0.373007
v 0.167396 -0.427840 -0.373007
v 0.167396 -0.346328 -0.339430
v 0.167396 -0.427840 -0.339430
v -0.093104 0.579602 -0.368193
v -0.164708 0.579602 -0.368193
v -0.093104 0.579602 -0.342118
v -0.164708 0.579602 -0.342118
v -0.093104 0.167664 -0.342118
v -0.093104 0.089273 -0.342118
v -0.164708 0.167664 -0.368193
v -0.164708 0.089273 -0.368193
v -0.164708 0.089273 -0.342118
v -0.164708 0.167664 -0.342118
v -0.093104 0.167664 -0.368193
v -0.093104 0.089273 -0.368193
v -0.164708 0.346328 -0.368193
v -0.164708 0.427840 -0.368193
v -0.093104 0.346328 -0.368193
v -0.093104 0.427840 -0.368193
v -0.164708 0.346328 -0.342118
v -0.164708 0.427840 -0.342118
v -0.093104 0.427840 -0.342118
v -0.093104 0.346328 -0.342118
v -0.167396 0.167664 -0.373007
v -0.167396 0.089273 -0.373007
v -0.167396 0.089273 -0.339430
v -0.167396 0.167664 -0.339430
v -0.090416 0.167664 -0.373007
v -0.090416 0.089273 -0.373007
v -0.090416 0.167664 -0.339430
v -0.090416 0.089273 -0.339430
v -0.090416 0.346328 -0.373007
v -0.090416 0.427840 -0.373007
v -0.090416 0.427840 -0.339430
v -0.090416 0.346328 -0.339430
v -0.167396 0.346328 -0.373007
v -0.167396 0.427840 -0.373007
v -0.167396 0.346328 -0.339430
v -0.167396 0.427840 -0.339430
v -0.093104 -0.579602 -0.368193
v -0.164708 -0.579602 -0.368193
v -0.093104 -0.579602 -0.342118
v -0.164708 -0.579602 -0.342118
v -0.093104 -0.167664 -0.342118
v -0.093104 -0.089273 -0.342118
v -0.164708 -0.167664 -0.368193
v -0.164708 -0.089273 -0.368193
v -0.164708 -0.089273 -0.342118
v -0.164708 -0.167664 -0.342118
v -0.093104 -0.167664 -0.368193
v -0.093104 -0.089273 -0.368193
v -0.164708 -0.346328 -0.368193
v -0.164708 -0.427840 -0.368193
v -0.093104 -0.346328 -0.368193
v -0.093104 -0.427840 -0.368193
v -0.164708 -0.346328 -0.342118
v -0.164708 -0.427840 -0.342118
v -0.093104 -0.427840 -0.342118
v -0.093104 -0.346328 -0.342118
v -0.167396 -0.167664 -0.373007
v -0.167396 -0.089273 -0.373007
v -0.167396 -0.089273 -0.339430
v -0.167396 -0.167664 -0.339430
v -0.090416 -0.167664 -0.373007
v -0.090416 -0.089273 -0.373007
v -0.090416 -0.167664 -0.339430
v -0.090416 -0.089273 -0.339430
v -0.090416 -0.346328 -0.373007
v -0.090416 -0.427840 -0.373007
v -0.090416 -0.427840 -0.339430
v -0.090416 -0.346328 -0.339430
v -0.167396 -0.346328 -0.373007
v -0.167396 -0.427840 -0.373007
v -0.167396 -0.346328 -0.339430
v -0.167396 -0.427840 -0.339430
v 0.368193 0.579602 -0.093104
v 0.368193 0.579602 -0.164708
v 0.342118 0.579602 -0.093104
v 0.342118 0.579602 -0.164708
v 0.342118 0.167664 -0.093104
v 0.342118 0.089273 -0.093104
v 0.368193 0.167664 -0.164708
v 0.368193 0.089273 -0.164708
v 0.342118 0.089273 -0.164708
v 0.342118 0.167664 -0.164708
v 0.368193 0.167664 -0.093104
v 0.368193 0.089273 -0.093104
v 0.368193 0.346328 -0.164708
v 0.368193 0.427840 -0.164708
v 0.368193 0.346328 -0.093104
v 0.368193 0.427840 -0.093104
v 0.342118 0.346328 -0.164708
v 0.342118 0.427840 -0.164708
v 0.342118 0.427840 -0.093104
v 0.342118 0.346328 -0.093104
v 0.373007 0.167664 -0.167396
v 0.373007 0.089273 -0.167396
v 0.339430 0.089273 -0.167396
v 0.339430 0.167664 -0.167396
v 0.373007 0.167664 -0.090416
v 0.373007 0.089273 -0.090416
v 0.339430 0.167664 -0.090416
v 0.339430 0.089273 -0.090416
v 0.373007 0.346328 -0.090416
v 0.373007 0.427840 -0.090416
v 0.339430 0.427840 -0.090416
v 0.339430 0.346328 -0.090416
v 0.373007 0.346328 -0.167396
v 0.373007 0.427840 -0.167396
v 0.339430 0.346328 -0.167396
v 0.339430 0.427840 -0.167396
v 0.368193 -0.579602 -0.093104
v 0.368193 -0.579602 -0.164708
v 0.342118 -0.579602 -0.093104
v 0.342118 -0.579602 -0.164708
v 0.342118 -0.167664 -0.093104
v 0.342118 -0.089273 -0.093104
v 0.368193 -0.167664 -0.164708
v 0.368193 -0.089273 -0.164708
v 0.342118 -0.089273 -0.164708
v 0.342118 -0.167664 -0.164708
v 0.368193 -0.167664 -0.093104
v 0.368193 -0.089273 -0.093104
v 0.368193 -0.346328 -0.164708
v 0.368193 -0.427840 -0.164708
v 0.368193 -0.346328 -0.093104
v 0.368193 -0.427840 -0.093104
v 0.342118 -0.346328 -0.164708
v 0.342118 -0.427840 -0.164708
v 0.342118 -0.427840 -0.093104
v 0.342118 -0.346328 -0.093104
v 0.373007 -0.167664 -0.167396
v 0.373007 -0.089273 -0.167396
v 0.339430 -0.089273 -0.167396
v 0.339430 -0.167664 -0.167396
v 0.373007 -0.167664 -0.090416
v 0.373007 -0.089273 -0.090416
v 0.339430 -0.167664 -0.090416
v 0.339430 -0.089273 -0.090416
v 0.373007 -0.346328 -0.090416
v 0.373007 -0.427840 -0.090416
v 0.339430 -0.427840 -0.090416
v 0.339430 -0.346328 -0.090416
v 0.373007 -0.346328 -0.167396
v 0.373007 -0.427840 -0.167396
v 0.339430 -0.346328 -0.167396
v 0.339430 -0.427840 -0.167396
v 0.368193 0.579602 0.093104
v 0.368193 0.579602 0.164708
v 0.342118 0.579602 0.093104
v 0.342118 0.579602 0.164708
v 0.342118 0.167664 0.093104
v 0.342118 0.089273 0.093104
v 0.368193 0.167664 0.164708
v 0.368193 0.089273 0.164708
v 0.342118 0.089273 0.164708
v 0.342118 0.167664 0.164708
v 0.368193 0.167664 0.093104
v 0.368193 0.089273 0.093104
v 0.368193 0.346328 0.164708
v 0.368193 0.427840 0.164708
v 0.368193 0.346328 0.093104
v 0.368193 0.427840 0.093104
v 0.342118 0.346328 0.164708
v 0.342118 0.427840 0.164708
v 0.342118 0.427840 0.093104
v 0.342118 0.346328 0.093104
v 0.373007 0.167664 0.167396
v 0.373007 0.089273 0.167396
v 0.339430 0.089273 0.167396
v 0.339430 0.167664 0.167396
v 0.373007 0.167664 0.090416
v 0.373007 0.089273 0.090416
v 0.339430 0.167664 0.090416
v 0.339430 0.089273 0.090416
v 0.373007 0.346328 0.090416
v 0.373007 0.427840 0.090416
v 0.339430 0.427840 0.090416
v 0.339430 0.346328 0.090416
v 0.373007 0.346328 0.167396
v 0.373007 0.427840 0.167396
v 0.339430 0.346328 0.167396
v 0.339430 0.427840 0.167396
v 0.368193 -0.579602 0.093104
v 0.368193 -0.579602 0.164708
v 0.342118 -0.579602 0.093104
v 0.342118 -0.579602 0.164708
v 0.342118 -0.167664 0.093104
v 0.342118 -0.089273 0.093104
v 0.368193 -0.167664 0.164708
v 0.368193 -0.089273 0.164708
v 0.342118 -0.089273 0.164708
v 0.342118 -0.167664 0.164708
v 0.368193 -0.167664 0.093104
v 0.368193 -0.089273 0.093104
v 0.368193 -0.346328 0.164708
v 0.368193 -0.427840 0.164708
v 0.368193 -0.346328 0.093104
v 0.368193 -0.427840 0.093104
v 0.342118 -0.346328 0.164708
v 0.342118 -0.427840 0.164708
v 0.342118 -0.427840 0.093104
v 0.342118 -0.346328 0.093104
v 0.373007 -0.167664 0.167396
v 0.373007 -0.089273 0.167396
v 0.339430 -0.089273 0.167396
v 0.339430 -0.167664 0.167396
v 0.373007 -0.167664 0.090416
v 0.373007 -0.089273 0.090416
v 0.339430 -0.167664 0.090416
v 0.339430 -0.089273 0.090416
v 0.373007 -0.346328 0.090416
v 0.373007 -0.427840 0.090416
v 0.339430 -0.427840 0.090416
v 0.339430 -0.346328 0.090416
v 0.373007 -0.346328 0.167396
v 0.373007 -0.427840 0.167396
v 0.339430 -0.346328 0.167396
v 0.339430 -0.427840 0.167396
v -0.368193 0.579602 -0.093104
v -0.368193 0.579602 -0.164708
v -0.342118 0.579602 -0.093104
v -0.342118 0.579602 -0.164708
v -0.342118 0.167664 -0.093104
v -0.342118 0.089273 -0.093104
v -0.368193 0.167664 -0.164708
v -0.368193 0.089273 -0.164708
v -0.342118 0.089273 -0.164708
v -0.342118 0.167664 -0.164708
v -0.368193 0.167664 -0.093104
v -0.368193 0.089273 -0.093104
v -0.368193 0.346328 -0.164708
v -0.368193 0.427840 -0.164708
v -0.368193 0.346328 -0.093104
v -0.368193 0.427840 -0.093104
v -0.342118 0.346328 -0.164708
v -0.342118 0.427840 -0.164708
v -0.342118 0.427840 -0.093104
v -0.342118 0.346328 -0.093104
v -0.373007 0.167664 -0.167396
v -0.373007 0.089273 -0.167396
v -0.339430 0.089273 -0.167396
v -0.339430 0.167664 -0.167396
v -0.373007 0.167664 -0.090416
v -0.373007 0.089273 -0.090416
v -0.339430 0.167664 -0.090416
v -0.339430 0.089273 -0.090416
v -0.373007 0.346328 -0.090416
v -0.373007 0.427840 -0.090416
v -0.339430 0.427840 -0.090416
v -0.339430 0.346328 -0.090416
v -0.373007 0.346328 -0.167396
v -0.373007 0.427840 -0.167396
v -0.339430 0.346328 -0.167396
v -0.339430 0.427840 -0.167396
v -0.368193 -0.579602 -0.093104
v -0.368193 -0.579602 -0.164708
v -0.342118 -0.579602 -0.093104
v -0.342118 -0.579602 -0.164708
v -0.342118 -0.167664 -0.093104
v -0.342118 -0.089273 -0.093104
v -0.368193 -0.167664 -0.164708
v -0.368193 -0.089273 -0.164708
v -0.342118 -0.089273 -0.164708
v -0.342118 -0.167664 -0.164708
v -0.368193 -0.167664 -0.093104
v -0.368193 -0.089273 -0.093104
v -0.368193 -0.346328 -0.164708
v -0.368193 -0.427840 -0.164708
v -0.368193 -0.346328 -0.093104
v -0.368193 -0.427840 -0.093104
v -0.342118 -0.346328 -0.164708
v -0.342118 -0.427840 -0.164708
v -0.342118 -0.427840 -0.093104
v -0.342118 -0.346328 -0.093104
v -0.373007 -0.167664 -0.167396
v -0.373007 -0.089273 -0.167396
v -0.339430 -0.089273 -0.167396
v -0.339430 -0.167664 -0.167396
v -0.373007 -0.167664 -0.090416
v -0.373007 -0.089273 -0.090416
v -0.339430 -0.167664 -0.090416
v -0.339430 -0.089273 -0.090416
v -0.373007 -0.346328 -0.090416
v -0.373007 -0.427840 -0.090416
v -0.339430 -0.427840 -0.090416
v -0.339430 -0.346328 -0.090416
v -0.373007 -0.346328 -0.167396
v -0.373007 -0.427840 -0.167396
v -0.339430 -0.346328 -0.167396
v -0.339430 -0.427840 -0.167396
v -0.368193 0.579602 0.093104
v -0.368193 0.579602 0.164708
v -0.342118 0.579602 0.093104
v -0.342118 0.579602 0.164708
v -0.342118 0.167664 0.093104
v -0.342118 0.089273 0.093104
v -0.368193 0.167664 0.164708
v -0.368193 0.089273 0.164708
v -0.342118 0.089273 0.164708
v -0.342118 0.167664 0.164708
v -0.368193 0.167664 0.093104
v -0.368193 0.089273 0.093104
v -0.368193 0.346328 0.164708
v -0.368193 0.427840 0.164708
v -0.368193 0.346328 0.093104
v -0.368193 0.427840 0.093104
v -0.342118 0.346328 0.164708
v -0.342118 0.427840 0.164708
v -0.342118 0.427840 0.093104
v -0.342118 0.346328 0.093104
v -0.373007 0.167664 0.167396
v -0.373007 0.089273 0.167396
v -0.339430 0.089273 0.167396
v -0.339430 0.167664 0.167396
v -0.373007 0.167664 0.090416
v -0.373007 0.089273 0.090416
v -0.339430 0.167664 0.090416
v -0.339430 0.089273 0.090416
v -0.373007 0.346328 0.090416
v -0.373007 0.427840 0.090416
v -0.339430 0.427840 0.090416
v -0.339430 0.346328 0.090416
v -0.373007 0.346328 0.167396
v -0.373007 0.427840 0.167396
v -0.339430 0.346328 0.167396
v -0.339430 0.427840 0.167396
v -0.368193 -0.579602 0.093104
v -0.368193 -0.579602 0.164708
v -0.342118 -0.579602 0.093104
v -0.342118 -0.579602 0.164708
v -0.342118 -0.167664 0.093104
v -0.342118 -0.089273 0.093104
v -0.368193 -0.167664 0.164708
v -0.368193 -0.089273 0.164708
v -0.342118 -0.089273 0.164708
v -0.342118 -0.167664 0.164708
v -0.368193 -0.167664 0.093104
v -0.368193 -0.089273 0.093104
v -0.368193 -0.346328 0.164708
v -0.368193 -0.427840 0.164708
v -0.368193 -0.346328 0.093104
v -0.368193 -0.427840 0.093104
v -0.342118 -0.346328 0.164708
v -0.342118 -0.427840 0.164708
v -0.342118 -0.427840 0.093104
v -0.342118 -0.346328 0.093104
v -0.373007 -0.167664 0.167396
v -0.373007 -0.089273 0.167396
v -0.339430 -0.089273 0.167396
v -0.339430 -0.167664 0.167396
v -0.373007 -0.167664 0.090416
v -0.373007 -0.089273 0.090416
v -0.339430 -0.167664 0.090416
v -0.339430 -0.089273 0.090416
v -0.373007 -0.346328 0.090416
v -0.373007 -0.427840 0.090416
v -0.339430 -0.427840 0.090416
v -0.339430 -0.346328 0.090416
v -0.373007 -0.346328 0.167396
v -0.373007 -0.427840 0.167396
v -0.339430 -0.346328 0.167396
v -0.339430 -0.427840 0.167396
v 0.093104 -0.634526 0.300832
v 0.164708 -0.634526 0.300832
v 0.093104 -0.608451 0.300832
v 0.164708 -0.608451 0.300832
v 0.164708 -0.634526 0.080849
v 0.164708 -0.634526 0.160970
v 0.093104 -0.634526 0.080849
v 0.093104 -0.634526 0.160970
v 0.164708 -0.608451 0.080849
v 0.164708 -0.608451 0.160970
v 0.093104 -0.608451 0.160970
v 0.093104 -0.608451 0.080849
v 0.090416 -0.639340 0.080849
v 0.090416 -0.639340 0.160970
v 0.090416 -0.605763 0.160970
v 0.090416 -0.605763 0.080849
v 0.167396 -0.639340 0.080849
v 0.167396 -0.639340 0.160970
v 0.167396 -0.605763 0.080849
v 0.167396 -0.605763 0.160970
v -0.093104 -0.634526 0.300832
v -0.164708 -0.634526 0.300832
v -0.093104 -0.608451 0.300832
v -0.164708 -0.608451 0.300832
v -0.164708 -0.634526 0.080849
v -0.164708 -0.634526 0.160970
v -0.093104 -0.634526 0.080849
v -0.093104 -0.634526 0.160970
v -0.164708 -0.608451 0.080849
v -0.164708 -0.608451 0.160970
v -0.093104 -0.608451 0.160970
v -0.093104 -0.608451 0.080849
v -0.090416 -0.639340 0.080849
v -0.090416 -0.639340 0.160970
v -0.090416 -0.605763 0.160970
v -0.090416 -0.605763 0.080849
v -0.167396 -0.639340 0.080849
v -0.167396 -0.639340 0.160970
v -0.167396 -0.605763 0.080849
v -0.167396 -0.605763 0.160970
v 0.093104 -0.634526 -0.300832
v 0.164708 -0.634526 -0.300832
v 0.093104 -0.608451 -0.300832
v 0.164708 -0.608451 -0.300832
v 0.164708 -0.634526 -0.080849
v 0.164708 -0.634526 -0.160970
v 0.093104 -0.634526 -0.080849
v 0.093104 -0.634526 -0.160970
v 0.164708 -0.608451 -0.080849
v 0.164708 -0.608451 -0.160970
v 0.093104 -0.608451 -0.160970
v 0.093104 -0.608451 -0.080849
v 0.090416 -0.639340 -0.080849
v 0.090416 -0.639340 -0.160970
v 0.090416 -0.605763 -0.160970
v 0.090416 -0.605763 -0.080849
v 0.167396 -0.639340 -0.080849
v 0.167396 -0.639340 -0.160970
v 0.167396 -0.605763 -0.080849
v 0.167396 -0.605763 -0.160970
v -0.093104 -0.634526 -0.300832
v -0.164708 -0.634526 -0.300832
v -0.093104 -0.608451 -0.300832
v -0.164708 -0.608451 -0.300832
v -0.164708 -0.634526 -0.080849
v -0.164708 -0.634526 -0.160970
v -0.093104 -0.634526 -0.080849
v -0.093104 -0.634526 -0.160970
v -0.164708 -0.608451 -0.080849
v -0.164708 -0.608451 -0.160970
v -0.093104 -0.608451 -0.160970
v -0.093104 -0.608451 -0.080849
v -0.090416 -0.639340 -0.080849
v -0.090416 -0.639340 -0.160970
v -0.090416 -0.605763 -0.160970
v -0.090416 -0.605763 -0.080849
v -0.167396 -0.639340 -0.080849
v -0.167396 -0.639340 -0.160970
v -0.167396 -0.605763 -0.080849
v -0.167396 -0.605763 -0.160970
v 0.301820 -0.634217 0.156035
v 0.301820 -0.634217 0.084430
v 0.301820 -0.608141 0.156035
v 0.301820 -0.608141 0.084430
v -0.301820 -0.634217 0.156035
v -0.301820 -0.634217 0.084430
v -0.301820 -0.608141 0.156035
v -0.301820 -0.608141 0.084430
v 0.301820 -0.634217 -0.156035
v 0.301820 -0.634217 -0.084430
v 0.301820 -0.608141 -0.156035
v 0.301820 -0.608141 -0.084430
v -0.301820 -0.634217 -0.156035
v -0.301820 -0.634217 -0.084430
v -0.301820 -0.608141 -0.156035
v -0.301820 -0.608141 -0.084430
v -0.543319 0.618708 0.357809
v -0.543319 0.626490 0.357809
v -0.543319 0.618708 0.350027
v -0.543319 0.626490 0.350027
v -0.443493 0.588293 0.388224
v -0.443493 0.656905 0.388224
v -0.443493 0.588293 0.319611
v -0.443493 0.656905 0.319611
v -0.443493 0.672512 0.304005
v -0.443493 0.572686 0.304005
v -0.443493 0.572686 0.403830
v -0.443493 0.672512 0.403830
v -0.430762 0.656905 0.319611
v -0.430762 0.588293 0.319611
v -0.430762 0.588293 0.388224
v -0.430762 0.656905 0.388224
v -0.543319 0.618708 -0.357809
v -0.543319 0.626490 -0.357809
v -0.543319 0.618708 -0.350027
v -0.543319 0.626490 -0.350027
v -0.443493 0.588293 -0.388224
v -0.443493 0.656905 -0.388224
v -0.443493 0.588293 -0.319611
v -0.443493 0.656905 -0.319611
v -0.443493 0.672512 -0.304005
v -0.443493 0.572686 -0.304005
v -0.443493 0.572686 -0.403830
v -0.443493 0.672512 -0.403830
v -0.430762 0.656905 -0.319611
v -0.430762 0.588293 -0.319611
v -0.430762 0.588293 -0.388224
v -0.430762 0.656905 -0.388224
v -0.543319 -0.618708 0.357809
v -0.543319 -0.626490 0.357809
v -0.543319 -0.618708 0.350027
v -0.543319 -0.626490 0.350027
v -0.443493 -0.588293 0.388224
v -0.443493 -0.656905 0.388224
v -0.443493 -0.588293 0.319611
v -0.443493 -0.656905 0.319611
v -0.443493 -0.672512 0.304005
v -0.443493 -0.572686 0.304005
v -0.443493 -0.572686 0.403830
v -0.443493 -0.672512 0.403830
v -0.430762 -0.656905 0.319611
v -0.430762 -0.588293 0.319611
v -0.430762 -0.588293 0.388224
v -0.430762 -0.656905 0.388224
v -0.543319 -0.618708 -0.357809
v -0.543319 -0.626490 -0.357809
v -0.543319 -0.618708 -0.350027
v -0.543319 -0.626490 -0.350027
v -0.443493 -0.588293 -0.388224
v -0.443493 -0.656905 -0.388224
v -0.443493 -0.588293 -0.319611
v -0.443493 -0.656905 -0.319611
v -0.443493 -0.672512 -0.304005
v -0.443493 -0.572686 -0.304005
v -0.443493 -0.572686 -0.403830
v -0.443493 -0.672512 -0.403830
v -0.430762 -0.656905 -0.319611
v -0.430762 -0.588293 -0.319611
v -0.430762 -0.588293 -0.388224
v -0.430762 -0.656905 -0.388224
v 0.543933 0.618708 0.357809
v 0.543933 0.626490 0.357809
v 0.543933 0.618708 0.350027
v 0.543933 0.626490 0.350027
v 0.444108 0.588293 0.388224
v 0.444108 0.656905 0.388224
v 0.444108 0.588293 0.319611
v 0.444108 0.656905 0.319611
v 0.444108 0.672512 0.304005
v 0.444108 0.572686 0.304005
v 0.444108 0.572686 0.403830
v 0.444108 0.672512 0.403830
v 0.431376 0.656905 0.319611
v 0.431376 0.588293 0.319611
v 0.431376 0.588293 0.388224
v 0.431376 0.656905 0.388224
v 0.543933 0.618708 -0.357809
v 0.543933 0.626490 -0.357809
v 0.543933 0.618708 -0.350027
v 0.543933 0.626490 -0.350027
v 0.444108 0.588293 -0.388224
v 0.444108 0.656905 -0.388224
v 0.444108 0.588293 -0.319611
v 0.444108 0.656905 -0.319611
v 0.444108 0.672512 -0.304005
v 0.444108 0.572686 -0.304005
v 0.444108 0.572686 -0.403830
v 0.444108 0.672512 -0.403830
v 0.431376 0.656905 -0.319611
v 0.431376 0.588293 -0.319611
v 0.431376 0.588293 -0.388224
v 0.431376 0.656905 -0.388224
v 0.543933 -0.618708 0.357809
v 0.543933 -0.626490 0.357809
v 0.543933 -0.618708 0.350027
v 0.543933 -0.626490 0.350027
v 0.444108 -0.588293 0.388224
v 0.444108 -0.656905 0.388224
v 0.444108 -0.588293 0.319611
v 0.444108 -0.656905 0.319611
v 0.444108 -0.672512 0.304005
v 0.444108 -0.572686 0.304005
v 0.444108 -0.572686 0.403830
v 0.444108 -0.672512 0.403830
v 0.431376 -0.656905 0.319611
v 0.431376 -0.588293 0.319611
v 0.431376 -0.588293 0.388224
v 0.431376 -0.656905 0.388224
v 0.543933 -0.618708 -0.357809
v 0.543933 -0.626490 -0.357809
v 0.543933 -0.618708 -0.350027
v 0.543933 -0.626490 -0.350027
v 0.444108 -0.588293 -0.388224
v 0.444108 -0.656905 -0.388224
v 0.444108 -0.588293 -0.319611
v 0.444108 -0.656905 -0.319611
v 0.444108 -0.672512 -0.304005
v 0.444108 -0.572686 -0.304005
v 0.444108 -0.572686 -0.403830
v 0.444108 -0.672512 -0.403830
v 0.431376 -0.656905 -0.319611
v 0.431376 -0.588293 -0.319611
v 0.431376 -0.588293 -0.388224
v 0.431376 -0.656905 -0.388224
v 0.357809 0.618708 0.541771
v 0.357809 0.626490 0.541771
v 0.350027 0.618708 0.541771
v 0.350027 0.626490 0.541771
v 0.388224 0.588293 0.441945
v 0.388224 0.656905 0.441945
v 0.319611 0.588293 0.441945
v 0.319611 0.656905 0.441945
v 0.304005 0.672512 0.441945
v 0.304005 0.572686 0.441945
v 0.403830 0.572686 0.441945
v 0.403830 0.672512 0.441945
v 0.319611 0.656905 0.429213
v 0.319611 0.588293 0.429213
v 0.388224 0.588293 0.429213
v 0.388224 0.656905 0.429213
v -0.357808 0.618708 0.541771
v -0.357808 0.626490 0.541771
v -0.350026 0.618708 0.541771
v -0.350026 0.626490 0.541771
v -0.388224 0.588293 0.441945
v -0.388224 0.656905 0.441945
v -0.319611 0.588293 0.441945
v -0.319611 0.656905 0.441945
v -0.304005 0.672512 0.441945
v -0.304005 0.572686 0.441945
v -0.403830 0.572686 0.441945
v -0.403830 0.672512 0.441945
v -0.319611 0.656905 0.429213
v -0.319611 0.588293 0.429213
v -0.388224 0.588293 0.429213
v -0.388224 0.656905 0.429213
v 0.357809 -0.618708 0.541771
v 0.357809 -0.626490 0.541771
v 0.350027 -0.618708 0.541771
v 0.350027 -0.626490 0.541771
v 0.388224 -0.588293 0.441945
v 0.388224 -0.656905 0.441945
v 0.319611 -0.588293 0.441945
v 0.319611 -0.656905 0.441945
v 0.304005 -0.672512 0.441945
v 0.304005 -0.572686 0.441945
v 0.403830 -0.572686 0.441945
v 0.403830 -0.672512 0.441945
v 0.319611 -0.656905 0.429213
v 0.319611 -0.588293 0.429213
v 0.388224 -0.588293 0.429213
v 0.388224 -0.656905 0.429213
v -0.357808 -0.618708 0.541771
v -0.357808 -0.626490 0.541771
v -0.350026 -0.618708 0.541771
v -0.350026 -0.626490 0.541771
v -0.388224 -0.588293 0.441945
v -0.388224 -0.656905 0.441945
v -0.319611 -0.588293 0.441945
v -0.319611 -0.656905 0.441945
v -0.304005 -0.672512 0.441945
v -0.304005 -0.572686 0.441945
v -0.403830 -0.572686 0.441945
v -0.403830 -0.672512 0.441945
v -0.319611 -0.656905 0.429213
v -0.319611 -0.588293 0.429213
v -0.388224 -0.588293 0.429213
v -0.388224 -0.656905 0.429213
v 0.357809 0.618708 -0.543087
v 0.357809 0.626490 -0.543087
v 0.350027 0.618708 -0.543087
v 0.350027 0.626490 -0.543087
v 0.388224 0.588293 -0.443261
v 0.388224 0.656905 -0.443261
v 0.319611 0.588293 -0.443261
v 0.319611 0.656905 -0.443261
v 0.304005 0.672512 -0.443261
v 0.304005 0.572686 -0.443261
v 0.403830 0.572686 -0.443261
v 0.403830 0.672512 -0.443261
v 0.319611 0.656905 -0.430530
v 0.319611 0.588293 -0.430530
v 0.388224 0.588293 -0.430530
v 0.388224 0.656905 -0.430530
v -0.357808 0.618708 -0.543087
v -0.357808 0.626490 -0.543087
v -0.350026 0.618708 -0.543087
v -0.350026 0.626490 -0.543087
v -0.388224 0.588293 -0.443261
v -0.388224 0.656905 -0.443261
v -0.319611 0.588293 -0.443261
v -0.319611 0.656905 -0.443261
v -0.304005 0.672512 -0.443261
v -0.304005 0.572686 -0.443261
v -0.403830 0.572686 -0.443261
v -0.403830 0.672512 -0.443261
v -0.319611 0.656905 -0.430530
v -0.319611 0.588293 -0.430530
v -0.388224 0.588293 -0.430530
v -0.388224 0.656905 -0.430530
v 0.357809 -0.618708 -0.543087
v 0.357809 -0.626490 -0.543087
v 0.350027 -0.618708 -0.543087
v 0.350027 -0.626490 -0.543087
v 0.388224 -0.588293 -0.443261
v 0.388224 -0.656905 -0.443261
v 0.319611 -0.588293 -0.443261
v 0.319611 -0.656905 -0.443261
v 0.304005 -0.672512 -0.443261
v 0.304005 -0.572686 -0.443261
v 0.403830 -0.572686 -0.443261
v 0.403830 -0.672512 -0.443261
v 0.319611 -0.656905 -0.430530
v 0.319611 -0.588293 -0.430530
v 0.388224 -0.588293 -0.430530
v 0.388224 -0.656905 -0.430530
v -0.357808 -0.618708 -0.543087
v -0.357808 -0.626490 -0.543087
v -0.350026 -0.618708 -0.543087
v -0.350026 -0.626490 -0.543087
v -0.388224 -0.588293 -0.443261
v -0.388224 -0.656905 -0.443261
v -0.319611 -0.588293 -0.443261
v -0.319611 -0.656905 -0.443261
v -0.304005 -0.672512 -0.443261
v -0.304005 -0.572686 -0.443261
v -0.403830 -0.572686 -0.443261
v -0.403830 -0.672512 -0.443261
v -0.319611 -0.656905 -0.430530
v -0.319611 -0.588293 -0.430530
v -0.388224 -0.588293 -0.430530
v -0.388224 -0.656905 -0.430530
vt 0.164850 0.654710
vt 0.130412 0.654710
vt 0.130412 0.615845
vt 0.164850 0.615845
vt 0.581133 0.783573
vt 0.580652 0.811261
vt 0.540767 0.811570
vt 0.540756 0.783886
vt 0.217978 0.001268
vt 0.218390 0.115712
vt 0.178853 0.115712
vt 0.177444 0.001268
vt 0.078029 0.616233
vt 0.113141 0.616233
vt 0.113141 0.655858
vt 0.078029 0.655858
vt 0.275156 0.613928
vt 0.275156 0.648956
vt 0.240129 0.648956
vt 0.240129 0.613928
vt 0.678584 0.546551
vt 0.677878 0.575000
vt 0.637845 0.575000
vt 0.638050 0.546551
vt 0.224122 0.672210
vt 0.181290 0.672210
vt 0.174078 0.664998
vt 0.231334 0.664998
vt 0.224122 0.715042
vt 0.231334 0.722254
vt 0.181290 0.715042
vt 0.174078 0.722254
vt 0.129445 0.715089
vt 0.165755 0.715089
vt 0.172967 0.722301
vt 0.122233 0.722301
vt 0.165755 0.672257
vt 0.172967 0.665045
vt 0.129445 0.672257
vt 0.122233 0.665045
vt 0.164853 0.555790
vt 0.128543 0.555790
vt 0.121331 0.548579
vt 0.172065 0.548579
vt 0.128543 0.598622
vt 0.121331 0.605834
vt 0.164853 0.598622
vt 0.172065 0.605834
vt 0.443544 0.001268
vt 0.484078 0.001268
vt 0.484485 0.115712
vt 0.444948 0.115712
vt 0.656839 0.723159
vt 0.656972 0.750838
vt 0.623163 0.750296
vt 0.622613 0.722610
vt 0.388361 0.844898
vt 0.388888 0.817220
vt 0.422696 0.816651
vt 0.422586 0.844322
vt 0.590091 0.546551
vt 0.590295 0.575012
vt 0.550263 0.575013
vt 0.549557 0.546551
vt 0.750178 0.001268
vt 0.750585 0.115704
vt 0.711048 0.115704
vt 0.709644 0.001268
vt 0.540647 0.782704
vt 0.540636 0.755032
vt 0.580521 0.755309
vt 0.581024 0.782984
vt 0.921673 0.001268
vt 0.920660 0.029721
vt 0.886724 0.029720
vt 0.887311 0.001268
vt 0.573183 0.001268
vt 0.571774 0.115704
vt 0.532237 0.115704
vt 0.532649 0.001268
vt 0.959441 0.001268
vt 0.960029 0.029712
vt 0.926092 0.029712
vt 0.925079 0.001268
vt 0.240499 0.596004
vt 0.240499 0.556553
vt 0.275456 0.556553
vt 0.275456 0.596004
vt 0.832165 0.512987
vt 0.872699 0.512987
vt 0.872904 0.540777
vt 0.832863 0.540777
vt 0.443544 0.341227
vt 0.444948 0.226784
vt 0.484485 0.226784
vt 0.484078 0.341227
vt 0.295537 0.596952
vt 0.295537 0.555709
vt 0.332082 0.555709
vt 0.332082 0.596952
vt 0.181507 0.597001
vt 0.181507 0.556399
vt 0.222109 0.556399
vt 0.222109 0.597001
vt 0.590091 0.714518
vt 0.549557 0.714518
vt 0.550263 0.686056
vt 0.590295 0.686056
vt 0.334151 0.671688
vt 0.341363 0.664476
vt 0.341363 0.721732
vt 0.334151 0.714520
vt 0.291319 0.671688
vt 0.284107 0.664476
vt 0.291319 0.714520
vt 0.284107 0.721732
vt 0.454002 0.670671
vt 0.446790 0.663459
vt 0.497524 0.663459
vt 0.490312 0.670671
vt 0.497524 0.720714
vt 0.490312 0.713502
vt 0.454002 0.713502
vt 0.446790 0.720714
vt 0.112773 0.598566
vt 0.119985 0.605778
vt 0.069252 0.605778
vt 0.076464 0.598566
vt 0.069252 0.548522
vt 0.076464 0.555734
vt 0.112773 0.555734
vt 0.119985 0.548522
vt 0.921673 0.169216
vt 0.887311 0.169216
vt 0.886724 0.140764
vt 0.920660 0.140764
vt 0.964013 0.001268
vt 0.998375 0.001268
vt 0.997378 0.029049
vt 0.963434 0.029049
vt 0.679041 0.513498
vt 0.713403 0.513498
vt 0.713982 0.541270
vt 0.680038 0.541271
vt 0.959441 0.169200
vt 0.925079 0.169200
vt 0.926092 0.140756
vt 0.960029 0.140756
vt 0.798744 0.001268
vt 0.839278 0.001268
vt 0.837874 0.115704
vt 0.798337 0.115704
vt 0.964013 0.167872
vt 0.963434 0.140092
vt 0.997378 0.140091
vt 0.998375 0.167872
vt 0.678584 0.714493
vt 0.638050 0.714493
vt 0.637845 0.686044
vt 0.677878 0.686044
vt 0.576589 0.001268
vt 0.617123 0.001268
vt 0.617535 0.115704
vt 0.577998 0.115704
vt 0.354851 0.001268
vt 0.395386 0.001268
vt 0.395792 0.115712
vt 0.356255 0.115712
vt 0.275026 0.672880
vt 0.275026 0.712365
vt 0.240039 0.712365
vt 0.240039 0.672880
vt 0.389023 0.846041
vt 0.423248 0.845464
vt 0.422721 0.873151
vt 0.388913 0.873720
vt 0.354851 0.341227
vt 0.356255 0.226784
vt 0.395792 0.226784
vt 0.395386 0.341227
vt 0.001139 0.356142
vt 0.051413 0.356031
vt 0.051512 0.400579
vt 0.001238 0.400690
vt 0.385177 0.671726
vt 0.385177 0.706371
vt 0.350532 0.706371
vt 0.350532 0.671726
vt 0.925667 0.340554
vt 0.925079 0.312110
vt 0.959016 0.312110
vt 0.960029 0.340554
vt 0.454562 0.597301
vt 0.447350 0.604513
vt 0.447350 0.547257
vt 0.454562 0.554469
vt 0.497394 0.597301
vt 0.504606 0.604513
vt 0.497394 0.554469
vt 0.504606 0.547257
vt 0.275744 0.714299
vt 0.282956 0.721511
vt 0.232222 0.721511
vt 0.239434 0.714299
vt 0.232222 0.664255
vt 0.239434 0.671467
vt 0.275744 0.671467
vt 0.282956 0.664255
vt 0.239552 0.613286
vt 0.232340 0.606074
vt 0.283074 0.606074
vt 0.275862 0.613286
vt 0.283074 0.663329
vt 0.275862 0.656117
vt 0.239552 0.656117
vt 0.232340 0.663329
vt 0.528831 0.001268
vt 0.527427 0.115712
vt 0.487890 0.115712
vt 0.488297 0.001268
vt 0.925667 0.172622
vt 0.960029 0.172622
vt 0.959016 0.201066
vt 0.925079 0.201066
vt 0.581698 0.783862
vt 0.622075 0.783549
vt 0.621594 0.811224
vt 0.581709 0.811533
vt 0.505617 0.546551
vt 0.546151 0.546551
vt 0.545445 0.575013
vt 0.505412 0.575012
vt 0.754397 0.001268
vt 0.794931 0.001268
vt 0.793527 0.115704
vt 0.753991 0.115704
vt 0.581640 0.722405
vt 0.622017 0.722684
vt 0.622028 0.750368
vt 0.582143 0.750092
vt 0.717132 0.344617
vt 0.751495 0.344617
vt 0.752082 0.373069
vt 0.718146 0.373070
vt 0.620941 0.001268
vt 0.661475 0.001268
vt 0.661887 0.115704
vt 0.622350 0.115704
vt 0.422321 0.783326
vt 0.388095 0.782778
vt 0.387962 0.755107
vt 0.421771 0.755648
vt 0.077996 0.674352
vt 0.112855 0.674352
vt 0.112855 0.713693
vt 0.077996 0.713693
vt 0.832165 0.679610
vt 0.832863 0.651820
vt 0.872904 0.651820
vt 0.872699 0.679610
vt 0.351034 0.001268
vt 0.351446 0.115712
vt 0.311909 0.115712
vt 0.310500 0.001268
vt 0.495998 0.654908
vt 0.458783 0.654908
vt 0.458783 0.612908
vt 0.495998 0.612908
vt 0.001087 0.547039
vt 0.000975 0.496764
vt 0.051250 0.496653
vt 0.051361 0.546927
vt 0.672988 0.344617
vt 0.713522 0.344617
vt 0.713727 0.373066
vt 0.673694 0.373066
vt 0.180560 0.598211
vt 0.223392 0.598211
vt 0.230604 0.605422
vt 0.173348 0.605422
vt 0.180560 0.555379
vt 0.173348 0.548167
vt 0.223392 0.555379
vt 0.230604 0.548167
vt 0.387256 0.554612
vt 0.350946 0.554612
vt 0.343734 0.547400
vt 0.394468 0.547400
vt 0.350946 0.597443
vt 0.343734 0.604655
vt 0.387256 0.597443
vt 0.394468 0.604655
vt 0.350469 0.655682
vt 0.386779 0.655682
vt 0.393991 0.662894
vt 0.343258 0.662894
vt 0.386779 0.612850
vt 0.393991 0.605638
vt 0.350469 0.612850
vt 0.343258 0.605638
vt 0.717132 0.512565
vt 0.718146 0.484113
vt 0.752082 0.484113
vt 0.751495 0.512565
vt 0.963892 0.514057
vt 0.998254 0.514057
vt 0.997257 0.541838
vt 0.963314 0.541838
vt 0.794047 0.511216
vt 0.793843 0.483438
vt 0.833884 0.483438
vt 0.834581 0.511216
vt 0.505617 0.714517
vt 0.505412 0.686056
vt 0.545445 0.686056
vt 0.546151 0.714517
vt 0.001989 0.955006
vt 0.126240 0.954182
vt 0.126372 0.997110
vt 0.002124 0.999017
vt 0.794047 0.344617
vt 0.834581 0.344617
vt 0.833884 0.372395
vt 0.793843 0.372395
vt 0.672988 0.512560
vt 0.673694 0.484110
vt 0.713727 0.484111
vt 0.713522 0.512560
vt 0.706239 0.001268
vt 0.704829 0.115704
vt 0.665292 0.115704
vt 0.665705 0.001268
vt 0.679041 0.680087
vt 0.680038 0.652314
vt 0.713982 0.652314
vt 0.713403 0.680087
vt 0.051754 0.494644
vt 0.001479 0.494756
vt 0.001380 0.450208
vt 0.051655 0.450096
vt 0.914049 0.342931
vt 0.954584 0.342931
vt 0.954788 0.370720
vt 0.914747 0.370721
vt 0.573183 0.341211
vt 0.532649 0.341211
vt 0.532237 0.226776
vt 0.571774 0.226776
vt 0.164087 0.556538
vt 0.164087 0.595674
vt 0.129408 0.595674
vt 0.129408 0.556538
vt 0.054409 0.496645
vt 0.104684 0.496534
vt 0.104796 0.546808
vt 0.054521 0.546920
vt 0.789850 0.344617
vt 0.790438 0.373061
vt 0.756501 0.373061
vt 0.755488 0.344617
vt 0.223959 0.613915
vt 0.231171 0.606703
vt 0.231171 0.663958
vt 0.223959 0.656747
vt 0.181127 0.613915
vt 0.173915 0.606703
vt 0.181127 0.656747
vt 0.173915 0.663958
vt 0.438304 0.713843
vt 0.445516 0.721055
vt 0.394782 0.721055
vt 0.401994 0.713843
vt 0.394782 0.663800
vt 0.401994 0.671012
vt 0.438304 0.671012
vt 0.445516 0.663800
vt 0.402970 0.554501
vt 0.395758 0.547289
vt 0.446492 0.547289
vt 0.439280 0.554501
vt 0.446492 0.604545
vt 0.439280 0.597333
vt 0.402970 0.597333
vt 0.395758 0.604545
vt 0.997797 0.172606
vt 0.998375 0.200386
vt 0.964432 0.200387
vt 0.963434 0.172606
vt 0.750178 0.341211
vt 0.709644 0.341211
vt 0.711048 0.226776
vt 0.750585 0.226776
vt 0.715458 0.513498
vt 0.749820 0.513498
vt 0.750399 0.541270
vt 0.716455 0.541271
vt 0.593906 0.546551
vt 0.634440 0.546551
vt 0.633733 0.575013
vt 0.593701 0.575012
vt 0.217978 0.341227
vt 0.177444 0.341227
vt 0.178853 0.226784
vt 0.218390 0.226784
vt 0.963892 0.680661
vt 0.963314 0.652881
vt 0.997257 0.652880
vt 0.998254 0.680661
vt 0.886724 0.172622
vt 0.921086 0.172622
vt 0.921673 0.201074
vt 0.887737 0.201074
vt 0.440139 0.341227
vt 0.399604 0.341227
vt 0.399198 0.226784
vt 0.438735 0.226784
vt 0.789850 0.512549
vt 0.755488 0.512549
vt 0.756501 0.484105
vt 0.790438 0.484105
vt 0.104578 0.448826
vt 0.104677 0.493374
vt 0.054402 0.493486
vt 0.054303 0.448938
vt 0.960403 0.512959
vt 0.959705 0.540749
vt 0.919665 0.540749
vt 0.919869 0.512959
vt 0.222208 0.001268
vt 0.262742 0.001268
vt 0.261333 0.115712
vt 0.221796 0.115712
vt 0.051645 0.403110
vt 0.051744 0.447658
vt 0.001469 0.447770
vt 0.001370 0.403222
vt 0.333527 0.713703
vt 0.292094 0.713703
vt 0.292094 0.672270
vt 0.333527 0.672270
vt 0.842579 0.001268
vt 0.883113 0.001268
vt 0.883318 0.029717
vt 0.843286 0.029717
vt 0.334588 0.656228
vt 0.334588 0.613396
vt 0.341800 0.606184
vt 0.341800 0.663440
vt 0.291756 0.656228
vt 0.284544 0.663440
vt 0.291756 0.613396
vt 0.284544 0.606184
vt 0.113867 0.614996
vt 0.077557 0.614997
vt 0.070345 0.607785
vt 0.121079 0.607785
vt 0.077557 0.657828
vt 0.070345 0.665040
vt 0.113867 0.657828
vt 0.121079 0.665040
vt 0.129371 0.656710
vt 0.165681 0.656710
vt 0.172893 0.663922
vt 0.122160 0.663922
vt 0.165681 0.613878
vt 0.172893 0.606666
vt 0.129371 0.613878
vt 0.122160 0.606666
vt 0.886724 0.340570
vt 0.887737 0.312117
vt 0.921673 0.312118
vt 0.921086 0.340570
vt 0.798744 0.341211
vt 0.798337 0.226776
vt 0.837874 0.226776
vt 0.839278 0.341211
vt 0.751667 0.680504
vt 0.752664 0.652732
vt 0.786607 0.652732
vt 0.786029 0.680504
vt 0.593906 0.714517
vt 0.593701 0.686056
vt 0.633733 0.686056
vt 0.634440 0.714517
vt 0.222208 0.341227
vt 0.221796 0.226784
vt 0.261333 0.226784
vt 0.262742 0.341227
vt 0.915977 0.514284
vt 0.916181 0.542062
vt 0.876140 0.542062
vt 0.875443 0.514284
vt 0.842579 0.169211
vt 0.843286 0.140761
vt 0.883318 0.140762
vt 0.883113 0.169211
vt 0.576589 0.341211
vt 0.577998 0.226776
vt 0.617535 0.226776
vt 0.617123 0.341211
vt 0.910056 0.342931
vt 0.910644 0.371375
vt 0.876707 0.371375
vt 0.875694 0.342931
vt 0.403123 0.613524
vt 0.438447 0.613524
vt 0.438447 0.653388
vt 0.403123 0.653388
vt 0.914049 0.509553
vt 0.914747 0.481763
vt 0.954788 0.481764
vt 0.954584 0.509553
vt 0.266560 0.001268
vt 0.307094 0.001268
vt 0.305684 0.115712
vt 0.266148 0.115712
vt 0.457214 0.555102
vt 0.493926 0.555102
vt 0.493926 0.596533
vt 0.457214 0.596533
vt 0.403711 0.590465
vt 0.403711 0.555604
vt 0.438571 0.555604
vt 0.438571 0.590465
vt 0.842579 0.340559
vt 0.843286 0.312110
vt 0.883318 0.312110
vt 0.883113 0.340559
vt 0.454203 0.612497
vt 0.454203 0.655328
vt 0.446991 0.662540
vt 0.446991 0.605285
vt 0.497034 0.612497
vt 0.504246 0.605285
vt 0.497034 0.655328
vt 0.504246 0.662540
vt 0.349691 0.713884
vt 0.386000 0.713884
vt 0.393212 0.721096
vt 0.342479 0.721096
vt 0.386000 0.671053
vt 0.393212 0.663841
vt 0.349691 0.671053
vt 0.342479 0.663841
vt 0.276156 0.554887
vt 0.239846 0.554887
vt 0.232634 0.547675
vt 0.283368 0.547675
vt 0.239846 0.597719
vt 0.232634 0.604930
vt 0.276156 0.597719
vt 0.283368 0.604930
vt 0.754397 0.341211
vt 0.753991 0.226776
vt 0.793527 0.226776
vt 0.794931 0.341211
vt 0.789332 0.680491
vt 0.789128 0.652713
vt 0.829168 0.652713
vt 0.829866 0.680491
vt 0.998232 0.342685
vt 0.998437 0.371146
vt 0.958405 0.371147
vt 0.957698 0.342685
vt 0.266560 0.341227
vt 0.266148 0.226784
vt 0.305684 0.226784
vt 0.307094 0.341227
vt 0.789332 0.513892
vt 0.829866 0.513892
vt 0.829168 0.541670
vt 0.789128 0.541669
vt 0.872288 0.342931
vt 0.871275 0.371383
vt 0.837339 0.371383
vt 0.837926 0.342931
vt 0.620941 0.341211
vt 0.622350 0.226776
vt 0.661887 0.226776
vt 0.661475 0.341211
vt 0.715458 0.680087
vt 0.716455 0.652314
vt 0.750399 0.652314
vt 0.749820 0.680087
vt 0.386367 0.555856
vt 0.386367 0.595244
vt 0.351465 0.595244
vt 0.351465 0.555856
vt 0.997797 0.339210
vt 0.963435 0.339210
vt 0.964432 0.311429
vt 0.998375 0.311430
vt 0.706239 0.341211
vt 0.665705 0.341211
vt 0.665292 0.226776
vt 0.704829 0.226776
vt 0.104756 0.446579
vt 0.054482 0.446690
vt 0.054382 0.402143
vt 0.104657 0.402031
vt 0.292435 0.614272
vt 0.333666 0.614272
vt 0.333666 0.655503
vt 0.292435 0.655503
vt 0.998232 0.510651
vt 0.957698 0.510651
vt 0.958405 0.482190
vt 0.998437 0.482190
vt 0.292312 0.554766
vt 0.285100 0.547554
vt 0.342356 0.547554
vt 0.335144 0.554766
vt 0.292312 0.597598
vt 0.285100 0.604810
vt 0.335144 0.597598
vt 0.342356 0.604810
vt 0.077297 0.673203
vt 0.070085 0.665991
vt 0.120819 0.665991
vt 0.113607 0.673203
vt 0.120819 0.723247
vt 0.113607 0.716035
vt 0.077297 0.716035
vt 0.070085 0.723247
vt 0.438992 0.655725
vt 0.446204 0.662936
vt 0.395470 0.662936
vt 0.402682 0.655725
vt 0.395470 0.605681
vt 0.402682 0.612893
vt 0.438992 0.612893
vt 0.446204 0.605681
vt 0.872288 0.510879
vt 0.837926 0.510879
vt 0.837339 0.482427
vt 0.871275 0.482426
vt 0.371094 0.953870
vt 0.371230 0.997882
vt 0.246972 0.996740
vt 0.246840 0.953811
vt 0.915977 0.680883
vt 0.875443 0.680883
vt 0.876141 0.653106
vt 0.916181 0.653106
vt 0.910056 0.510863
vt 0.875694 0.510863
vt 0.876707 0.482419
vt 0.910644 0.482419
vt 0.351034 0.341227
vt 0.310500 0.341227
vt 0.311909 0.226783
vt 0.351446 0.226784
vt 0.960403 0.679581
vt 0.919869 0.679581
vt 0.919665 0.651792
vt 0.959705 0.651791
vt 0.842579 0.172616
vt 0.883113 0.172616
vt 0.883318 0.201065
vt 0.843286 0.201066
vt 0.528831 0.341227
vt 0.488297 0.341227
vt 0.487890 0.226784
vt 0.527427 0.226784
vt 0.751667 0.513916
vt 0.786029 0.513916
vt 0.786607 0.541688
vt 0.752664 0.541689
vt 0.399198 0.115712
vt 0.438735 0.115712
vt 0.621848 0.843993
vt 0.581963 0.844302
vt 0.388487 0.722341
vt 0.422296 0.722883
vt 0.423273 0.905916
vt 0.389465 0.906485
vt 0.164657 0.714570
vt 0.130591 0.714570
vt 0.130591 0.672743
vt 0.164657 0.672743
vt 0.440139 0.001268
vt 0.399604 0.001268
vt 0.388336 0.784455
vt 0.422144 0.783886
vt 0.580906 0.844029
vt 0.541021 0.844338
vt 0.540863 0.722263
vt 0.580748 0.722540
vt 0.621801 0.783137
vt 0.581916 0.782860
vt 0.033519 0.710492
vt 0.033502 0.683376
vt 0.034664 0.682213
vt 0.034683 0.711655
vt 0.036408 0.683257
vt 0.036424 0.710373
vt 0.035262 0.711537
vt 0.035244 0.682095
vt 0.068411 0.710353
vt 0.069574 0.711516
vt 0.001516 0.683396
vt 0.001532 0.710512
vt 0.000370 0.711676
vt 0.000352 0.682234
vt 0.656447 0.783603
vt 0.622638 0.783061
vt 0.182945 0.672900
vt 0.222280 0.672900
vt 0.222280 0.714340
vt 0.182945 0.714340
vt 0.182672 0.614476
vt 0.222248 0.614476
vt 0.222248 0.656170
vt 0.182672 0.656170
vt 0.454844 0.671112
vt 0.489024 0.671112
vt 0.489024 0.713077
vt 0.454844 0.713077
vt 0.068394 0.683237
vt 0.069556 0.682073
vt 0.295311 0.545233
vt 0.272753 0.545233
vt 0.272753 0.344633
vt 0.295311 0.344633
vt 0.298716 0.344633
vt 0.321274 0.344633
vt 0.321274 0.545233
vt 0.298716 0.545233
vt 0.059491 0.911111
vt 0.059491 0.724985
vt 0.067113 0.724985
vt 0.067113 0.911111
vt 0.031184 0.725538
vt 0.031184 0.911664
vt 0.023562 0.911664
vt 0.023562 0.725538
vt 0.191457 0.545233
vt 0.168899 0.545233
vt 0.168899 0.344633
vt 0.191457 0.344633
vt 0.000690 0.724933
vt 0.021620 0.724933
vt 0.021620 0.911059
vt 0.000690 0.911059
vt 0.041691 0.911209
vt 0.041691 0.725082
vt 0.049313 0.725082
vt 0.049313 0.911209
vt 0.058441 0.725082
vt 0.058441 0.911209
vt 0.050819 0.911209
vt 0.050819 0.725082
vt 0.217420 0.545233
vt 0.194862 0.545233
vt 0.194862 0.344633
vt 0.217420 0.344633
vt 0.480407 0.344617
vt 0.502965 0.344617
vt 0.502965 0.545218
vt 0.480407 0.545218
vt 0.104804 0.911059
vt 0.104804 0.724933
vt 0.112426 0.724933
vt 0.112426 0.911059
vt 0.103194 0.724933
vt 0.103194 0.911059
vt 0.095572 0.911059
vt 0.095572 0.724933
vt 0.399009 0.545233
vt 0.376452 0.545233
vt 0.376452 0.344633
vt 0.399009 0.344633
vt 0.350488 0.344633
vt 0.373046 0.344633
vt 0.373046 0.545233
vt 0.350488 0.545233
vt 0.086340 0.911059
vt 0.086340 0.724933
vt 0.093962 0.724933
vt 0.093962 0.911059
vt 0.085118 0.724933
vt 0.085118 0.911059
vt 0.077496 0.911059
vt 0.077496 0.724933
vt 0.295311 0.545233
vt 0.295311 0.344633
vt 0.272753 0.344633
vt 0.272753 0.545233
vt 0.298716 0.344633
vt 0.298716 0.545233
vt 0.321274 0.545233
vt 0.321274 0.344633
vt 0.059491 0.911111
vt 0.067113 0.911111
vt 0.067113 0.724985
vt 0.059491 0.724985
vt 0.031184 0.725538
vt 0.023562 0.725538
vt 0.023562 0.911664
vt 0.031184 0.911664
vt 0.191457 0.545233
vt 0.191457 0.344633
vt 0.168899 0.344633
vt 0.168899 0.545233
vt 0.000690 0.724933
vt 0.000690 0.911059
vt 0.021620 0.911059
vt 0.021620 0.724933
vt 0.041691 0.911209
vt 0.049313 0.911209
vt 0.049313 0.725082
vt 0.041691 0.725082
vt 0.058441 0.725082
vt 0.050819 0.725082
vt 0.050819 0.911209
vt 0.058441 0.911209
vt 0.217420 0.545233
vt 0.217420 0.344633
vt 0.194862 0.344633
vt 0.194862 0.545233
vt 0.480407 0.344617
vt 0.480407 0.545218
vt 0.502965 0.545218
vt 0.502965 0.344617
vt 0.104804 0.911059
vt 0.112426 0.911059
vt 0.112426 0.724933
vt 0.104804 0.724933
vt 0.103194 0.724933
vt 0.095572 0.724933
vt 0.095572 0.911059
vt 0.103194 0.911059
vt 0.399009 0.545233
vt 0.399009 0.344633
vt 0.376452 0.344633
vt 0.376452 0.545233
vt 0.350488 0.344633
vt 0.350488 0.545233
vt 0.373046 0.545233
vt 0.373046 0.344633
vt 0.086340 0.911059
vt 0.093962 0.911059
vt 0.093962 0.724933
vt 0.086340 0.724933
vt 0.085118 0.724933
vt 0.077496 0.724933
vt 0.077496 0.911059
vt 0.085118 0.911059
vt 0.347083 0.545233
vt 0.324525 0.545233
vt 0.324525 0.344633
vt 0.347083 0.344633
vt 0.402415 0.344633
vt 0.424973 0.344633
vt 0.424973 0.545233
vt 0.402415 0.545233
vt 0.068458 0.911059
vt 0.068458 0.724933
vt 0.076080 0.724933
vt 0.076080 0.911059
vt 0.149740 0.725126
vt 0.149740 0.911253
vt 0.142118 0.911253
vt 0.142118 0.725126
vt 0.243384 0.545233
vt 0.220826 0.545233
vt 0.220826 0.344633
vt 0.243384 0.344633
vt 0.506370 0.344617
vt 0.528928 0.344617
vt 0.528928 0.545218
vt 0.506370 0.545218
vt 0.114229 0.911059
vt 0.114229 0.724933
vt 0.121851 0.724933
vt 0.121851 0.911059
vt 0.040703 0.725280
vt 0.040703 0.911407
vt 0.033081 0.911407
vt 0.033081 0.725280
vt 0.269347 0.545233
vt 0.246789 0.545233
vt 0.246789 0.344633
vt 0.269347 0.344633
vt 0.532334 0.344617
vt 0.554892 0.344617
vt 0.554892 0.545218
vt 0.532334 0.545218
vt 0.123655 0.911059
vt 0.123655 0.724933
vt 0.131277 0.724933
vt 0.131277 0.911059
vt 0.158708 0.725126
vt 0.158708 0.911253
vt 0.151086 0.911253
vt 0.151086 0.725126
vt 0.450936 0.545233
vt 0.428378 0.545233
vt 0.428378 0.344633
vt 0.450936 0.344633
vt 0.454342 0.344633
vt 0.476900 0.344633
vt 0.476900 0.545233
vt 0.454342 0.545233
vt 0.133080 0.911253
vt 0.133080 0.725126
vt 0.140702 0.725126
vt 0.140702 0.911253
vt 0.168327 0.725320
vt 0.168327 0.911447
vt 0.160705 0.911447
vt 0.160705 0.725320
vt 0.347083 0.545233
vt 0.347083 0.344633
vt 0.324525 0.344633
vt 0.324525 0.545233
vt 0.402415 0.344633
vt 0.402415 0.545233
vt 0.424973 0.545233
vt 0.424973 0.344633
vt 0.068458 0.911059
vt 0.076080 0.911059
vt 0.076080 0.724933
vt 0.068458 0.724933
vt 0.149740 0.725126
vt 0.142118 0.725126
vt 0.142118 0.911253
vt 0.149740 0.911253
vt 0.243384 0.545233
vt 0.243384 0.344633
vt 0.220826 0.344633
vt 0.220826 0.545233
vt 0.506370 0.344617
vt 0.506370 0.545218
vt 0.528928 0.545218
vt 0.528928 0.344617
vt 0.114229 0.911059
vt 0.121851 0.911059
vt 0.121851 0.724933
vt 0.114229 0.724933
vt 0.040703 0.725280
vt 0.033081 0.725280
vt 0.033081 0.911407
vt 0.040703 0.911407
vt 0.269347 0.545233
vt 0.269347 0.344633
vt 0.246789 0.344633
vt 0.246789 0.545233
vt 0.532334 0.344617
vt 0.532334 0.545218
vt 0.554892 0.545218
vt 0.554892 0.344617
vt 0.123655 0.911059
vt 0.131277 0.911059
vt 0.131277 0.724933
vt 0.123655 0.724933
vt 0.158708 0.725126
vt 0.151086 0.725126
vt 0.151086 0.911253
vt 0.158708 0.911253
vt 0.450936 0.545233
vt 0.450936 0.344633
vt 0.428378 0.344633
vt 0.428378 0.545233
vt 0.454342 0.344633
vt 0.454342 0.545233
vt 0.476900 0.545233
vt 0.476900 0.344633
vt 0.133080 0.911253
vt 0.140702 0.911253
vt 0.140702 0.725126
vt 0.133080 0.725126
vt 0.168327 0.725320
vt 0.160705 0.725320
vt 0.160705 0.911447
vt 0.168327 0.911447
vt 0.586894 0.919887
vt 0.586914 0.967513
vt 0.564443 0.967522
vt 0.564423 0.919896
vt 0.376625 0.897380
vt 0.376625 0.841426
vt 0.386240 0.841426
vt 0.386240 0.897380
vt 0.423229 0.778983
vt 0.423206 0.722915
vt 0.445677 0.722905
vt 0.445700 0.778974
vt 0.599620 0.965760
vt 0.655689 0.965683
vt 0.655720 0.988154
vt 0.599651 0.988231
vt 0.679567 0.844675
vt 0.702038 0.844666
vt 0.702061 0.900697
vt 0.679590 0.900706
vt 0.724290 0.778133
vt 0.735225 0.778133
vt 0.737244 0.779260
vt 0.723163 0.779260
vt 0.144872 0.445539
vt 0.144620 0.403236
vt 0.146199 0.401638
vt 0.146470 0.447117
vt 0.145819 0.537376
vt 0.145567 0.495073
vt 0.147145 0.493475
vt 0.147416 0.538954
vt 0.165191 0.403129
vt 0.149786 0.403220
vt 0.146933 0.401649
vt 0.166770 0.401531
vt 0.166702 0.063541
vt 0.166702 0.001372
vt 0.175781 0.001372
vt 0.175781 0.063541
vt 0.493852 0.879499
vt 0.493833 0.831873
vt 0.516304 0.831864
vt 0.516323 0.879490
vt 0.887104 0.846936
vt 0.896136 0.846936
vt 0.896136 0.908823
vt 0.887104 0.908823
vt 0.298282 0.793686
vt 0.307896 0.793686
vt 0.307896 0.849641
vt 0.298282 0.849641
vt 0.129215 0.403327
vt 0.126362 0.401756
vt 0.165443 0.445432
vt 0.167040 0.447010
vt 0.129467 0.445630
vt 0.126633 0.447235
vt 0.130162 0.495164
vt 0.127309 0.493593
vt 0.333193 0.790304
vt 0.333193 0.724430
vt 0.342807 0.724430
vt 0.342807 0.790304
vt 0.948230 0.915466
vt 0.936601 0.915364
vt 0.936840 0.888211
vt 0.948470 0.888314
vt 0.825630 0.803301
vt 0.854071 0.803301
vt 0.854071 0.832263
vt 0.825630 0.832263
vt 0.924394 0.860057
vt 0.936023 0.860160
vt 0.935784 0.887312
vt 0.924154 0.887210
vt 0.089144 0.953836
vt 0.048056 0.954176
vt 0.047710 0.912335
vt 0.088798 0.911995
vt 0.763308 0.809873
vt 0.763344 0.821870
vt 0.734218 0.821957
vt 0.734183 0.809959
vt 0.077603 0.589197
vt 0.077698 0.556831
vt 0.111969 0.556931
vt 0.111875 0.589297
vt 0.704850 0.809751
vt 0.704814 0.797754
vt 0.733940 0.797667
vt 0.733975 0.809664
vt 0.883496 0.741844
vt 0.911936 0.741844
vt 0.911936 0.771959
vt 0.883496 0.771959
vt 0.724290 0.748103
vt 0.723163 0.746976
vt 0.130414 0.537467
vt 0.127579 0.539072
vt 0.735225 0.748103
vt 0.737244 0.746976
vt 0.150038 0.445523
vt 0.147204 0.447128
vt 0.769476 0.898128
vt 0.769448 0.888811
vt 0.833245 0.888621
vt 0.833273 0.897938
vt 0.172821 0.913934
vt 0.173002 0.951936
vt 0.092459 0.952318
vt 0.092279 0.914316
vt 0.309402 0.724434
vt 0.319016 0.724434
vt 0.319016 0.780389
vt 0.309402 0.780389
vt 0.682739 0.723321
vt 0.706882 0.723311
vt 0.706906 0.783549
vt 0.682764 0.783560
vt 0.492857 0.835852
vt 0.470386 0.835861
vt 0.470363 0.779792
vt 0.492834 0.779783
vt 0.126120 0.352920
vt 0.124908 0.354134
vt 0.124894 0.338983
vt 0.126109 0.341154
vt 0.767971 0.777834
vt 0.766844 0.778961
vt 0.766844 0.746677
vt 0.767971 0.747804
vt 0.750528 0.682499
vt 0.751655 0.681372
vt 0.751655 0.713655
vt 0.750528 0.712528
vt 0.108069 0.495492
vt 0.106472 0.493913
vt 0.126309 0.493795
vt 0.123474 0.495400
vt 0.517167 0.771103
vt 0.539638 0.771094
vt 0.539657 0.818720
vt 0.517186 0.818730
vt 0.153858 0.327480
vt 0.153858 0.265270
vt 0.162938 0.265270
vt 0.162938 0.327480
vt 0.818015 0.867343
vt 0.763789 0.867505
vt 0.763761 0.858188
vt 0.817987 0.858026
vt 0.780926 0.746677
vt 0.778907 0.747804
vt 0.108321 0.537795
vt 0.106743 0.539392
vt 0.778907 0.777834
vt 0.780926 0.778961
vt 0.737574 0.713655
vt 0.739592 0.712528
vt 0.333193 0.792332
vt 0.342808 0.792332
vt 0.342808 0.858206
vt 0.333193 0.858206
vt 0.998860 0.860896
vt 0.998621 0.888049
vt 0.986990 0.887947
vt 0.987230 0.860794
vt 0.796167 0.771148
vt 0.796167 0.742186
vt 0.824608 0.742186
vt 0.824608 0.771148
vt 0.796635 0.832599
vt 0.830274 0.832690
vt 0.830235 0.847099
vt 0.796596 0.847007
vt 0.883206 0.711773
vt 0.883206 0.682810
vt 0.911647 0.682810
vt 0.911647 0.711773
vt 0.764482 0.822801
vt 0.793608 0.822714
vt 0.793644 0.834711
vt 0.764518 0.834798
vt 0.046023 0.912436
vt 0.045675 0.954041
vt 0.006383 0.953713
vt 0.006731 0.912107
vt 0.734216 0.847331
vt 0.705090 0.847418
vt 0.705054 0.835420
vt 0.734180 0.835334
vt 0.825455 0.772015
vt 0.825455 0.741899
vt 0.853896 0.741899
vt 0.853896 0.772015
vt 0.158429 0.352891
vt 0.159643 0.354103
vt 0.737574 0.681372
vt 0.739592 0.682499
vt 0.159629 0.338952
vt 0.158419 0.341125
vt 0.126579 0.539274
vt 0.123726 0.537703
vt 0.493811 0.778712
vt 0.493788 0.722681
vt 0.516259 0.722672
vt 0.516282 0.778703
vt 0.632883 0.964928
vt 0.610412 0.964937
vt 0.610392 0.917311
vt 0.632863 0.917302
vt 0.319016 0.840330
vt 0.309402 0.840330
vt 0.309402 0.784375
vt 0.319016 0.784375
vt 0.678544 0.900756
vt 0.656073 0.900765
vt 0.656050 0.844696
vt 0.678521 0.844687
vt 0.469991 0.722652
vt 0.492462 0.722642
vt 0.492485 0.778711
vt 0.470014 0.778720
vt 0.681741 0.723284
vt 0.681766 0.783482
vt 0.657624 0.783492
vt 0.657599 0.723293
vt 0.738912 0.747960
vt 0.737785 0.746833
vt 0.751867 0.746833
vt 0.749848 0.747960
vt 0.765327 0.747850
vt 0.766454 0.746722
vt 0.766454 0.779006
vt 0.765327 0.777879
vt 0.055946 0.356373
vt 0.054733 0.355161
vt 0.089467 0.355130
vt 0.088256 0.356344
vt 0.149612 0.495126
vt 0.148015 0.493548
vt 0.167851 0.493430
vt 0.165017 0.495035
vt 0.175781 0.129516
vt 0.166702 0.129516
vt 0.166702 0.067347
vt 0.175781 0.067347
vt 0.539677 0.866826
vt 0.517206 0.866836
vt 0.517186 0.819209
vt 0.539657 0.819200
vt 0.364864 0.723940
vt 0.364864 0.789813
vt 0.355250 0.789813
vt 0.355250 0.723940
vt 0.769556 0.908861
vt 0.823782 0.908699
vt 0.823810 0.918016
vt 0.769584 0.918178
vt 0.752373 0.779006
vt 0.754391 0.777879
vt 0.149864 0.537429
vt 0.148286 0.539027
vt 0.754391 0.747850
vt 0.752373 0.746722
vt 0.089481 0.370281
vt 0.088266 0.368110
vt 0.768962 0.878489
vt 0.768990 0.887806
vt 0.705151 0.887996
vt 0.705123 0.878679
vt 0.868120 0.910260
vt 0.909670 0.910548
vt 0.909546 0.928344
vt 0.867997 0.928056
vt 0.853781 0.712586
vt 0.853781 0.741548
vt 0.825340 0.741548
vt 0.825340 0.712586
vt 0.923473 0.860140
vt 0.923234 0.887293
vt 0.911604 0.887190
vt 0.911843 0.860038
vt 0.998767 0.712190
vt 0.998767 0.741152
vt 0.970326 0.741152
vt 0.970326 0.712190
vt 0.910880 0.845969
vt 0.882646 0.845761
vt 0.882732 0.834131
vt 0.910966 0.834339
vt 0.912091 0.772327
vt 0.912091 0.802442
vt 0.883650 0.802442
vt 0.883650 0.772327
vt 0.764388 0.835168
vt 0.793513 0.835081
vt 0.793549 0.847079
vt 0.764424 0.847165
vt 0.999116 0.741775
vt 0.999116 0.771890
vt 0.970676 0.771890
vt 0.970676 0.741775
vt 0.738912 0.777990
vt 0.737785 0.779117
vt 0.054746 0.370312
vt 0.055957 0.368139
vt 0.751867 0.779117
vt 0.749848 0.777990
vt 0.168122 0.538908
vt 0.165269 0.537338
vt 0.705188 0.909172
vt 0.768985 0.908982
vt 0.769012 0.918299
vt 0.705216 0.918489
vt 0.609565 0.869376
vt 0.609585 0.917002
vt 0.587114 0.917011
vt 0.587094 0.869385
vt 0.760041 0.847911
vt 0.814268 0.847750
vt 0.814295 0.857067
vt 0.760069 0.857228
vt 0.174934 0.913170
vt 0.269754 0.912720
vt 0.269934 0.950722
vt 0.175114 0.951172
vt 0.597627 0.844900
vt 0.655004 0.844764
vt 0.655058 0.867759
vt 0.597681 0.867895
vt 0.779461 0.682335
vt 0.768526 0.682335
vt 0.766507 0.681207
vt 0.780588 0.681207
vt 0.124899 0.491395
vt 0.124647 0.449092
vt 0.126226 0.447495
vt 0.126497 0.492973
vt 0.709498 0.747704
vt 0.709498 0.777734
vt 0.708371 0.778861
vt 0.708371 0.746577
vt 0.128747 0.491359
vt 0.144152 0.491268
vt 0.147005 0.492839
vt 0.127168 0.492957
vt 0.656573 0.952895
vt 0.704199 0.953063
vt 0.704120 0.975534
vt 0.656494 0.975366
vt 0.162938 0.063583
vt 0.153858 0.063583
vt 0.153858 0.001372
vt 0.162938 0.001372
vt 0.759368 0.847924
vt 0.759395 0.857241
vt 0.705169 0.857403
vt 0.705141 0.848086
vt 0.109242 0.449184
vt 0.106389 0.447613
vt 0.128495 0.449056
vt 0.126897 0.447478
vt 0.109494 0.491487
vt 0.106660 0.493091
vt 0.720434 0.777734
vt 0.722452 0.778861
vt 0.769629 0.878675
vt 0.833468 0.878484
vt 0.833496 0.887801
vt 0.769657 0.887992
vt 0.974681 0.860683
vt 0.986311 0.860786
vt 0.986071 0.887938
vt 0.974441 0.887836
vt 0.882594 0.741521
vt 0.854153 0.741521
vt 0.854153 0.712559
vt 0.882594 0.712559
vt 0.284616 0.824498
vt 0.296995 0.824498
vt 0.296995 0.853401
vt 0.284616 0.853401
vt 0.941437 0.742179
vt 0.969878 0.742179
vt 0.969878 0.771142
vt 0.941437 0.771142
vt 0.998260 0.916853
vt 0.986630 0.916750
vt 0.986879 0.888517
vt 0.998509 0.888620
vt 0.854281 0.802652
vt 0.825841 0.802652
vt 0.825841 0.772537
vt 0.854281 0.772537
vt 0.734151 0.822524
vt 0.734186 0.834521
vt 0.705061 0.834608
vt 0.705025 0.822611
vt 0.941337 0.681862
vt 0.969778 0.681862
vt 0.969777 0.711977
vt 0.941337 0.711977
vt 0.779461 0.712364
vt 0.780588 0.713491
vt 0.720434 0.747704
vt 0.722452 0.746577
vt 0.768526 0.712364
vt 0.766507 0.713491
vt 0.143900 0.448965
vt 0.146734 0.447360
vt 0.697290 0.844023
vt 0.673443 0.843888
vt 0.673781 0.784425
vt 0.697628 0.784561
vt 0.586894 0.919887
vt 0.564423 0.919896
vt 0.564443 0.967522
vt 0.586914 0.967513
vt 0.376625 0.897380
vt 0.386240 0.897380
vt 0.386240 0.841426
vt 0.376625 0.841426
vt 0.423229 0.778983
vt 0.445700 0.778974
vt 0.445677 0.722905
vt 0.423206 0.722915
vt 0.599620 0.965760
vt 0.599651 0.988231
vt 0.655720 0.988154
vt 0.655689 0.965683
vt 0.679567 0.844675
vt 0.679590 0.900706
vt 0.702061 0.900697
vt 0.702038 0.844666
vt 0.724290 0.778133
vt 0.723163 0.779260
vt 0.737244 0.779260
vt 0.735225 0.778133
vt 0.144872 0.445539
vt 0.146470 0.447117
vt 0.146199 0.401638
vt 0.144620 0.403236
vt 0.145819 0.537376
vt 0.147416 0.538954
vt 0.147145 0.493475
vt 0.145567 0.495073
vt 0.165191 0.403129
vt 0.166770 0.401531
vt 0.146933 0.401649
vt 0.149786 0.403220
vt 0.166702 0.063541
vt 0.175781 0.063541
vt 0.175781 0.001372
vt 0.166702 0.001372
vt 0.493852 0.879499
vt 0.516323 0.879490
vt 0.516304 0.831864
vt 0.493833 0.831873
vt 0.887104 0.846936
vt 0.887104 0.908823
vt 0.896136 0.908823
vt 0.896136 0.846936
vt 0.298282 0.793686
vt 0.298282 0.849641
vt 0.307896 0.849641
vt 0.307896 0.793686
vt 0.126362 0.401756
vt 0.129215 0.403327
vt 0.165443 0.445432
vt 0.167040 0.447010
vt 0.129467 0.445630
vt 0.126633 0.447235
vt 0.127309 0.493593
vt 0.130162 0.495164
vt 0.333193 0.790304
vt 0.342807 0.790304
vt 0.342807 0.724430
vt 0.333193 0.724430
vt 0.948230 0.915466
vt 0.948470 0.888314
vt 0.936840 0.888211
vt 0.936601 0.915364
vt 0.825630 0.803301
vt 0.825630 0.832263
vt 0.854071 0.832263
vt 0.854071 0.803301
vt 0.924394 0.860057
vt 0.924154 0.887210
vt 0.935784 0.887312
vt 0.936023 0.860160
vt 0.089144 0.953836
vt 0.088798 0.911995
vt 0.047710 0.912335
vt 0.048056 0.954176
vt 0.763308 0.809873
vt 0.734183 0.809959
vt 0.734218 0.821957
vt 0.763344 0.821870
vt 0.077603 0.589197
vt 0.111875 0.589297
vt 0.111969 0.556931
vt 0.077698 0.556831
vt 0.704850 0.809751
vt 0.733975 0.809664
vt 0.733940 0.797667
vt 0.704814 0.797754
vt 0.883496 0.741844
vt 0.883496 0.771959
vt 0.911936 0.771959
vt 0.911936 0.741844
vt 0.724290 0.748103
vt 0.723163 0.746976
vt 0.127579 0.539072
vt 0.130414 0.537467
vt 0.737244 0.746976
vt 0.735225 0.748103
vt 0.147204 0.447128
vt 0.150038 0.445523
vt 0.769476 0.898128
vt 0.833273 0.897938
vt 0.833245 0.888621
vt 0.769448 0.888811
vt 0.172821 0.913934
vt 0.092279 0.914316
vt 0.092459 0.952318
vt 0.173002 0.951936
vt 0.309402 0.724434
vt 0.309402 0.780389
vt 0.319016 0.780389
vt 0.319016 0.724434
vt 0.682739 0.723321
vt 0.682764 0.783560
vt 0.706906 0.783549
vt 0.706882 0.723311
vt 0.492857 0.835852
vt 0.492834 0.779783
vt 0.470363 0.779792
vt 0.470386 0.835861
vt 0.126120 0.352920
vt 0.126109 0.341154
vt 0.124894 0.338983
vt 0.124908 0.354134
vt 0.767971 0.777834
vt 0.767971 0.747804
vt 0.766844 0.746677
vt 0.766844 0.778961
vt 0.750528 0.682499
vt 0.750528 0.712528
vt 0.751655 0.713655
vt 0.751655 0.681372
vt 0.108069 0.495492
vt 0.123474 0.495400
vt 0.126309 0.493795
vt 0.106472 0.493913
vt 0.517167 0.771103
vt 0.517186 0.818730
vt 0.539657 0.818720
vt 0.539638 0.771094
vt 0.153858 0.327480
vt 0.162938 0.327480
vt 0.162938 0.265270
vt 0.153858 0.265270
vt 0.818015 0.867343
vt 0.817987 0.858026
vt 0.763761 0.858188
vt 0.763789 0.867505
vt 0.778907 0.747804
vt 0.780926 0.746677
vt 0.108321 0.537795
vt 0.106743 0.539392
vt 0.778907 0.777834
vt 0.780926 0.778961
vt 0.739592 0.712528
vt 0.737574 0.713655
vt 0.333193 0.792332
vt 0.333193 0.858206
vt 0.342808 0.858206
vt 0.342808 0.792332
vt 0.998860 0.860896
vt 0.987230 0.860794
vt 0.986990 0.887947
vt 0.998621 0.888049
vt 0.796167 0.771148
vt 0.824608 0.771148
vt 0.824608 0.742186
vt 0.796167 0.742186
vt 0.796635 0.832599
vt 0.796596 0.847007
vt 0.830235 0.847099
vt 0.830274 0.832690
vt 0.883206 0.711773
vt 0.911647 0.711773
vt 0.911647 0.682810
vt 0.883206 0.682810
vt 0.764482 0.822801
vt 0.764518 0.834798
vt 0.793644 0.834711
vt 0.793608 0.822714
vt 0.046023 0.912436
vt 0.006731 0.912107
vt 0.006383 0.953713
vt 0.045675 0.954041
vt 0.734216 0.847331
vt 0.734180 0.835334
vt 0.705054 0.835420
vt 0.705090 0.847418
vt 0.825455 0.772015
vt 0.853896 0.772015
vt 0.853896 0.741899
vt 0.825455 0.741899
vt 0.158429 0.352891
vt 0.159643 0.354103
vt 0.739592 0.682499
vt 0.737574 0.681372
vt 0.158419 0.341125
vt 0.159629 0.338952
vt 0.123726 0.537703
vt 0.126579 0.539274
vt 0.493811 0.778712
vt 0.516282 0.778703
vt 0.516259 0.722672
vt 0.493788 0.722681
vt 0.632883 0.964928
vt 0.632863 0.917302
vt 0.610392 0.917311
vt 0.610412 0.964937
vt 0.319016 0.840330
vt 0.319016 0.784375
vt 0.309402 0.784375
vt 0.309402 0.840330
vt 0.678544 0.900756
vt 0.678521 0.844687
vt 0.656050 0.844696
vt 0.656073 0.900765
vt 0.469991 0.722652
vt 0.470014 0.778720
vt 0.492485 0.778711
vt 0.492462 0.722642
vt 0.681741 0.723284
vt 0.657599 0.723293
vt 0.657624 0.783492
vt 0.681766 0.783482
vt 0.738912 0.747960
vt 0.749848 0.747960
vt 0.751867 0.746833
vt 0.737785 0.746833
vt 0.765327 0.747850
vt 0.765327 0.777879
vt 0.766454 0.779006
vt 0.766454 0.746722
vt 0.055946 0.356373
vt 0.088256 0.356344
vt 0.089467 0.355130
vt 0.054733 0.355161
vt 0.149612 0.495126
vt 0.165017 0.495035
vt 0.167851 0.493430
vt 0.148015 0.493548
vt 0.175781 0.129516
vt 0.175781 0.067347
vt 0.166702 0.067347
vt 0.166702 0.129516
vt 0.539677 0.866826
vt 0.539657 0.819200
vt 0.517186 0.819209
vt 0.517206 0.866836
vt 0.364864 0.723940
vt 0.355250 0.723940
vt 0.355250 0.789813
vt 0.364864 0.789813
vt 0.769556 0.908861
vt 0.769584 0.918178
vt 0.823810 0.918016
vt 0.823782 0.908699
vt 0.754391 0.777879
vt 0.752373 0.779006
vt 0.149864 0.537429
vt 0.148286 0.539027
vt 0.754391 0.747850
vt 0.752373 0.746722
vt 0.088266 0.368110
vt 0.089481 0.370281
vt 0.768962 0.878489
vt 0.705123 0.878679
vt 0.705151 0.887996
vt 0.768990 0.887806
vt 0.868120 0.910260
vt 0.867997 0.928056
vt 0.909546 0.928344
vt 0.909670 0.910548
vt 0.853781 0.712586
vt 0.825340 0.712586
vt 0.825340 0.741548
vt 0.853781 0.741548
vt 0.923473 0.860140
vt 0.911843 0.860038
vt 0.911604 0.887190
vt 0.923234 0.887293
vt 0.998767 0.712190
vt 0.970326 0.712190
vt 0.970326 0.741152
vt 0.998767 0.741152
vt 0.910880 0.845969
vt 0.910966 0.834339
vt 0.882732 0.834131
vt 0.882646 0.845761
vt 0.912091 0.772327
vt 0.883650 0.772327
vt 0.883650 0.802442
vt 0.912091 0.802442
vt 0.764388 0.835168
vt 0.764424 0.847165
vt 0.793549 0.847079
vt 0.793513 0.835081
vt 0.999116 0.741775
vt 0.970676 0.741775
vt 0.970676 0.771890
vt 0.999116 0.771890
vt 0.738912 0.777990
vt 0.737785 0.779117
vt 0.055957 0.368139
vt 0.054746 0.370312
vt 0.749848 0.777990
vt 0.751867 0.779117
vt 0.165269 0.537338
vt 0.168122 0.538908
vt 0.705188 0.909172
vt 0.705216 0.918489
vt 0.769012 0.918299
vt 0.768985 0.908982
vt 0.609565 0.869376
vt 0.587094 0.869385
vt 0.587114 0.917011
vt 0.609585 0.917002
vt 0.760041 0.847911
vt 0.760069 0.857228
vt 0.814295 0.857067
vt 0.814268 0.847750
vt 0.174934 0.913170
vt 0.175114 0.951172
vt 0.269934 0.950722
vt 0.269754 0.912720
vt 0.597627 0.844900
vt 0.597681 0.867895
vt 0.655058 0.867759
vt 0.655004 0.844764
vt 0.779461 0.682335
vt 0.780588 0.681207
vt 0.766507 0.681207
vt 0.768526 0.682335
vt 0.124899 0.491395
vt 0.126497 0.492973
vt 0.126226 0.447495
vt 0.124647 0.449092
vt 0.709498 0.747704
vt 0.708371 0.746577
vt 0.708371 0.778861
vt 0.709498 0.777734
vt 0.128747 0.491359
vt 0.127168 0.492957
vt 0.147005 0.492839
vt 0.144152 0.491268
vt 0.656573 0.952895
vt 0.656494 0.975366
vt 0.704120 0.975534
vt 0.704199 0.953063
vt 0.162938 0.063583
vt 0.162938 0.001372
vt 0.153858 0.001372
vt 0.153858 0.063583
vt 0.759368 0.847924
vt 0.705141 0.848086
vt 0.705169 0.857403
vt 0.759395 0.857241
vt 0.106389 0.447613
vt 0.109242 0.449184
vt 0.128495 0.449056
vt 0.126897 0.447478
vt 0.109494 0.491487
vt 0.106660 0.493091
vt 0.722452 0.778861
vt 0.720434 0.777734
vt 0.769629 0.878675
vt 0.769657 0.887992
vt 0.833496 0.887801
vt 0.833468 0.878484
vt 0.974681 0.860683
vt 0.974441 0.887836
vt 0.986071 0.887938
vt 0.986311 0.860786
vt 0.882594 0.741521
vt 0.882594 0.712559
vt 0.854153 0.712559
vt 0.854153 0.741521
vt 0.284616 0.824498
vt 0.284616 0.853401
vt 0.296995 0.853401
vt 0.296995 0.824498
vt 0.941437 0.742179
vt 0.941437 0.771142
vt 0.969878 0.771142
vt 0.969878 0.742179
vt 0.998260 0.916853
vt 0.998509 0.888620
vt 0.986879 0.888517
vt 0.986630 0.916750
vt 0.854281 0.802652
vt 0.854281 0.772537
vt 0.825841 0.772537
vt 0.825841 0.802652
vt 0.734151 0.822524
vt 0.705025 0.822611
vt 0.705061 0.834608
vt 0.734186 0.834521
vt 0.941337 0.681862
vt 0.941337 0.711977
vt 0.969777 0.711977
vt 0.969778 0.681862
vt 0.779461 0.712364
vt 0.780588 0.713491
vt 0.722452 0.746577
vt 0.720434 0.747704
vt 0.766507 0.713491
vt 0.768526 0.712364
vt 0.146734 0.447360
vt 0.143900 0.448965
vt 0.697290 0.844023
vt 0.697628 0.784561
vt 0.673781 0.784425
vt 0.673443 0.843888
vt 0.539697 0.867727
vt 0.539717 0.915353
vt 0.517246 0.915362
vt 0.517226 0.867736
vt 0.321300 0.911139
vt 0.321300 0.855185
vt 0.330914 0.855185
vt 0.330914 0.911140
vt 0.423489 0.835570
vt 0.423466 0.779501
vt 0.445937 0.779492
vt 0.445960 0.835560
vt 0.438196 0.935681
vt 0.494265 0.935777
vt 0.494226 0.958248
vt 0.438158 0.958152
vt 0.413597 0.906515
vt 0.436068 0.906506
vt 0.436091 0.962537
vt 0.413620 0.962547
vt 0.768034 0.745290
vt 0.778970 0.745290
vt 0.780989 0.746417
vt 0.766907 0.746417
vt 0.166114 0.491215
vt 0.165862 0.448912
vt 0.167440 0.447315
vt 0.167711 0.492793
vt 0.123292 0.356019
vt 0.090982 0.356047
vt 0.089768 0.354836
vt 0.124503 0.354805
vt 0.126126 0.387002
vt 0.126136 0.398768
vt 0.124925 0.400941
vt 0.124912 0.385790
vt 0.166702 0.195490
vt 0.166702 0.133321
vt 0.175781 0.133321
vt 0.175781 0.195490
vt 0.587366 0.965078
vt 0.587347 0.917452
vt 0.609818 0.917442
vt 0.609837 0.965068
vt 0.153858 0.067347
vt 0.162938 0.067347
vt 0.162938 0.129557
vt 0.153858 0.129557
vt 0.705233 0.928424
vt 0.705205 0.919107
vt 0.759431 0.918945
vt 0.759459 0.928262
vt 0.150456 0.449003
vt 0.147603 0.447433
vt 0.158435 0.386973
vt 0.159647 0.385760
vt 0.150708 0.491306
vt 0.147874 0.492911
vt 0.090992 0.367813
vt 0.089782 0.369986
vt 0.768885 0.898370
vt 0.705046 0.898560
vt 0.705018 0.889243
vt 0.768857 0.889053
vt 0.973614 0.887737
vt 0.961984 0.887635
vt 0.962223 0.860482
vt 0.973853 0.860585
vt 0.796710 0.771635
vt 0.825151 0.771635
vt 0.825151 0.800597
vt 0.796710 0.800597
vt 0.762979 0.797177
vt 0.763015 0.809175
vt 0.735004 0.809258
vt 0.734968 0.797261
vt 0.678972 0.721657
vt 0.679207 0.693464
vt 0.707916 0.693703
vt 0.707682 0.721896
vt 0.974210 0.888316
vt 0.985840 0.888419
vt 0.985591 0.916652
vt 0.973961 0.916549
vt 0.854290 0.681856
vt 0.882731 0.681856
vt 0.882731 0.711971
vt 0.854290 0.711971
vt 0.734635 0.846847
vt 0.734599 0.834850
vt 0.763724 0.834763
vt 0.763760 0.846760
vt 0.402957 0.705494
vt 0.403051 0.673133
vt 0.437319 0.673232
vt 0.437224 0.705594
vt 0.768034 0.715261
vt 0.766907 0.714134
vt 0.123302 0.367785
vt 0.124517 0.369955
vt 0.778970 0.715261
vt 0.780989 0.714134
vt 0.158446 0.398739
vt 0.159660 0.400910
vt 0.298282 0.723871
vt 0.307896 0.723871
vt 0.307896 0.789701
vt 0.298282 0.789701
vt 0.655521 0.916766
vt 0.633050 0.916775
vt 0.633030 0.869149
vt 0.655501 0.869140
vt 0.309769 0.841871
vt 0.319383 0.841871
vt 0.319383 0.897825
vt 0.309769 0.897825
vt 0.596753 0.844833
vt 0.596806 0.867304
vt 0.540737 0.867437
vt 0.540684 0.844966
vt 0.469340 0.835502
vt 0.446869 0.835511
vt 0.446846 0.779442
vt 0.469317 0.779433
vt 0.088221 0.340833
vt 0.089433 0.339619
vt 0.089446 0.354769
vt 0.088232 0.352598
vt 0.055994 0.371825
vt 0.054780 0.370613
vt 0.089515 0.370583
vt 0.088303 0.371796
vt 0.125897 0.355718
vt 0.124683 0.354507
vt 0.159418 0.354476
vt 0.158206 0.355690
vt 0.123349 0.387188
vt 0.124560 0.385974
vt 0.124574 0.401125
vt 0.123359 0.398954
vt 0.679689 0.901454
vt 0.702160 0.901444
vt 0.702179 0.949070
vt 0.679708 0.949080
vt 0.153858 0.195531
vt 0.153858 0.133321
vt 0.162938 0.133321
vt 0.162938 0.195531
vt 0.366251 0.886336
vt 0.366251 0.830382
vt 0.375865 0.830382
vt 0.375865 0.886336
vt 0.089528 0.385733
vt 0.088314 0.383562
vt 0.091039 0.387217
vt 0.089825 0.386005
vt 0.056004 0.383591
vt 0.054793 0.385764
vt 0.159431 0.369626
vt 0.158217 0.367456
vt 0.705204 0.877788
vt 0.705177 0.868471
vt 0.769016 0.868281
vt 0.769043 0.877598
vt 0.734098 0.784658
vt 0.762108 0.784574
vt 0.762144 0.796572
vt 0.734134 0.796655
vt 0.883357 0.741260
vt 0.883357 0.712297
vt 0.911797 0.712297
vt 0.911797 0.741260
vt 0.705246 0.784914
vt 0.733257 0.784830
vt 0.733293 0.796828
vt 0.705282 0.796911
vt 0.912613 0.831948
vt 0.912613 0.802986
vt 0.941054 0.802986
vt 0.941054 0.831948
vt 0.998811 0.918048
vt 0.998652 0.958192
vt 0.982116 0.958126
vt 0.982276 0.917983
vt 0.825211 0.711913
vt 0.825211 0.681798
vt 0.853652 0.681797
vt 0.853652 0.711913
vt 0.969877 0.834730
vt 0.998111 0.834833
vt 0.998069 0.846463
vt 0.969834 0.846360
vt 0.854663 0.802790
vt 0.854663 0.772675
vt 0.883104 0.772675
vt 0.883104 0.802790
vt 0.055912 0.340861
vt 0.054698 0.339650
vt 0.124696 0.369657
vt 0.125907 0.367484
vt 0.054711 0.354800
vt 0.055922 0.352627
vt 0.089839 0.401155
vt 0.091050 0.398983
vt 0.623522 0.843751
vt 0.623860 0.784289
vt 0.647707 0.784424
vt 0.647369 0.843887
vt 0.412405 0.954597
vt 0.389934 0.954606
vt 0.389915 0.906980
vt 0.412386 0.906971
vt 0.176016 0.328539
vt 0.165078 0.328539
vt 0.165078 0.264880
vt 0.176016 0.264880
vt 0.469047 0.778795
vt 0.446576 0.778805
vt 0.446553 0.722736
vt 0.469024 0.722727
vt 0.447107 0.835960
vt 0.469577 0.835951
vt 0.469601 0.892020
vt 0.447130 0.892029
vt 0.672737 0.784427
vt 0.672400 0.843890
vt 0.648552 0.843755
vt 0.648890 0.784292
vt 0.126002 0.384131
vt 0.124791 0.385345
vt 0.124778 0.370195
vt 0.125992 0.372365
vt 0.037883 0.684814
vt 0.036792 0.683725
vt 0.068017 0.683696
vt 0.066928 0.684787
vt 0.753209 0.712467
vt 0.752082 0.713594
vt 0.752082 0.681310
vt 0.753209 0.682437
vt 0.721327 0.712534
vt 0.722454 0.713661
vt 0.708373 0.713661
vt 0.710391 0.712534
vt 0.175781 0.261423
vt 0.166702 0.261423
vt 0.166702 0.199254
vt 0.175781 0.199254
vt 0.539741 0.770302
vt 0.517270 0.770311
vt 0.517251 0.722685
vt 0.539722 0.722676
vt 0.760009 0.918949
vt 0.823848 0.918759
vt 0.823876 0.928076
vt 0.760037 0.928267
vt 0.353837 0.723977
vt 0.353837 0.779931
vt 0.344223 0.779931
vt 0.344223 0.723977
vt 0.068029 0.697316
vt 0.066937 0.695365
vt 0.721327 0.682504
vt 0.722454 0.681377
vt 0.037893 0.695391
vt 0.036805 0.697344
vt 0.766163 0.681310
vt 0.764145 0.682437
vt 0.331037 0.790162
vt 0.321422 0.790162
vt 0.321422 0.724288
vt 0.331037 0.724288
vt 0.949410 0.887438
vt 0.949649 0.860285
vt 0.961280 0.860388
vt 0.961040 0.887540
vt 0.940597 0.712761
vt 0.940597 0.741723
vt 0.912156 0.741723
vt 0.912156 0.712761
vt 0.961488 0.915341
vt 0.961728 0.888188
vt 0.973357 0.888291
vt 0.973118 0.915443
vt 0.969722 0.801853
vt 0.969722 0.830815
vt 0.941282 0.830815
vt 0.941282 0.801853
vt 0.940814 0.834639
vt 0.969048 0.834742
vt 0.969006 0.846372
vt 0.940771 0.846270
vt 0.824414 0.681577
vt 0.824414 0.711692
vt 0.795974 0.711692
vt 0.795974 0.681577
vt 0.939671 0.846188
vt 0.911436 0.846085
vt 0.911478 0.834455
vt 0.939713 0.834558
vt 0.882845 0.741865
vt 0.882845 0.771980
vt 0.854404 0.771980
vt 0.854404 0.741865
vt 0.158312 0.384102
vt 0.159526 0.385314
vt 0.766163 0.713594
vt 0.764145 0.712467
vt 0.159512 0.370164
vt 0.158301 0.372337
vt 0.708373 0.681377
vt 0.710391 0.682504
vt 0.365223 0.791072
vt 0.365223 0.856902
vt 0.355608 0.856902
vt 0.355608 0.791072
vt 0.633253 0.964891
vt 0.633233 0.917264
vt 0.655704 0.917255
vt 0.655724 0.964881
vt 0.386031 0.724068
vt 0.386031 0.780022
vt 0.376417 0.780022
vt 0.376417 0.724068
vt 0.446521 0.835924
vt 0.446544 0.891992
vt 0.424073 0.892001
vt 0.424050 0.835933
vt 0.470364 0.892608
vt 0.470341 0.836539
vt 0.492812 0.836530
vt 0.492835 0.892599
vt 0.793901 0.682350
vt 0.782966 0.682350
vt 0.780947 0.681222
vt 0.795029 0.681222
vt 0.738540 0.715250
vt 0.738540 0.745280
vt 0.737413 0.746407
vt 0.737413 0.714123
vt 0.088365 0.387359
vt 0.056056 0.387388
vt 0.054842 0.386177
vt 0.089577 0.386146
vt 0.753193 0.745141
vt 0.764129 0.745141
vt 0.766147 0.746268
vt 0.752066 0.746268
vt 0.632605 0.869382
vt 0.632624 0.917008
vt 0.610153 0.917017
vt 0.610134 0.869391
vt 0.162938 0.261506
vt 0.153858 0.261506
vt 0.153858 0.199295
vt 0.162938 0.199295
vt 0.308261 0.907147
vt 0.298647 0.907147
vt 0.298647 0.851192
vt 0.308261 0.851192
vt 0.749476 0.745280
vt 0.751494 0.746407
vt 0.753193 0.715111
vt 0.752066 0.713984
vt 0.749476 0.715250
vt 0.751494 0.714123
vt 0.056066 0.399154
vt 0.054855 0.401327
vt 0.886345 0.846937
vt 0.886345 0.908823
vt 0.877312 0.908823
vt 0.877312 0.846937
vt 0.936943 0.860168
vt 0.948573 0.860270
vt 0.948333 0.887423
vt 0.936703 0.887321
vt 0.969613 0.741706
vt 0.941173 0.741706
vt 0.941173 0.712744
vt 0.969613 0.712744
vt 0.765020 0.809383
vt 0.764984 0.797385
vt 0.792995 0.797302
vt 0.793031 0.809299
vt 0.970728 0.709590
vt 0.970959 0.681828
vt 0.999229 0.682064
vt 0.998998 0.709825
vt 0.734521 0.834530
vt 0.734485 0.822533
vt 0.763610 0.822446
vt 0.763646 0.834443
vt 0.940689 0.712084
vt 0.912249 0.712084
vt 0.912249 0.681969
vt 0.940689 0.681969
vt 0.924356 0.887988
vt 0.935985 0.888091
vt 0.935736 0.916324
vt 0.924106 0.916222
vt 0.912768 0.772258
vt 0.941209 0.772258
vt 0.941209 0.802373
vt 0.912768 0.802373
vt 0.793901 0.712379
vt 0.795029 0.713506
vt 0.088376 0.399125
vt 0.089590 0.401296
vt 0.782966 0.712379
vt 0.780947 0.713506
vt 0.764129 0.715111
vt 0.766147 0.713984
vt 0.493960 0.958667
vt 0.494075 0.981138
vt 0.438044 0.981424
vt 0.437929 0.958954
vt 0.539697 0.867727
vt 0.517226 0.867736
vt 0.517246 0.915362
vt 0.539717 0.915353
vt 0.321300 0.911139
vt 0.330914 0.911140
vt 0.330914 0.855185
vt 0.321300 0.855185
vt 0.423489 0.835570
vt 0.445960 0.835560
vt 0.445937 0.779492
vt 0.423466 0.779501
vt 0.438196 0.935681
vt 0.438158 0.958152
vt 0.494226 0.958248
vt 0.494265 0.935777
vt 0.413597 0.906515
vt 0.413620 0.962547
vt 0.436091 0.962537
vt 0.436068 0.906506
vt 0.768034 0.745290
vt 0.766907 0.746417
vt 0.780989 0.746417
vt 0.778970 0.745290
vt 0.166114 0.491215
vt 0.167711 0.492793
vt 0.167440 0.447315
vt 0.165862 0.448912
vt 0.123292 0.356019
vt 0.124503 0.354805
vt 0.089768 0.354836
vt 0.090982 0.356047
vt 0.126126 0.387002
vt 0.124912 0.385790
vt 0.124925 0.400941
vt 0.126136 0.398768
vt 0.166702 0.195490
vt 0.175781 0.195490
vt 0.175781 0.133321
vt 0.166702 0.133321
vt 0.587366 0.965078
vt 0.609837 0.965068
vt 0.609818 0.917442
vt 0.587347 0.917452
vt 0.153858 0.067347
vt 0.153858 0.129557
vt 0.162938 0.129557
vt 0.162938 0.067347
vt 0.705233 0.928424
vt 0.759459 0.928262
vt 0.759431 0.918945
vt 0.705205 0.919107
vt 0.147603 0.447433
vt 0.150456 0.449003
vt 0.158435 0.386973
vt 0.159647 0.385760
vt 0.150708 0.491306
vt 0.147874 0.492911
vt 0.089782 0.369986
vt 0.090992 0.367813
vt 0.768885 0.898370
vt 0.768857 0.889053
vt 0.705018 0.889243
vt 0.705046 0.898560
vt 0.973614 0.887737
vt 0.973853 0.860585
vt 0.962223 0.860482
vt 0.961984 0.887635
vt 0.796710 0.771635
vt 0.796710 0.800597
vt 0.825151 0.800597
vt 0.825151 0.771635
vt 0.762979 0.797177
vt 0.734968 0.797261
vt 0.735004 0.809258
vt 0.763015 0.809175
vt 0.678972 0.721657
vt 0.707682 0.721896
vt 0.707916 0.693703
vt 0.679207 0.693464
vt 0.974210 0.888316
vt 0.973961 0.916549
vt 0.985591 0.916652
vt 0.985840 0.888419
vt 0.854290 0.681856
vt 0.854290 0.711971
vt 0.882731 0.711971
vt 0.882731 0.681856
vt 0.734635 0.846847
vt 0.763760 0.846760
vt 0.763724 0.834763
vt 0.734599 0.834850
vt 0.402957 0.705494
vt 0.437224 0.705594
vt 0.437319 0.673232
vt 0.403051 0.673133
vt 0.768034 0.715261
vt 0.766907 0.714134
vt 0.124517 0.369955
vt 0.123302 0.367785
vt 0.780989 0.714134
vt 0.778970 0.715261
vt 0.159660 0.400910
vt 0.158446 0.398739
vt 0.298282 0.723871
vt 0.298282 0.789701
vt 0.307896 0.789701
vt 0.307896 0.723871
vt 0.655521 0.916766
vt 0.655501 0.869140
vt 0.633030 0.869149
vt 0.633050 0.916775
vt 0.309769 0.841871
vt 0.309769 0.897825
vt 0.319383 0.897825
vt 0.319383 0.841871
vt 0.596753 0.844833
vt 0.540684 0.844966
vt 0.540737 0.867437
vt 0.596806 0.867304
vt 0.469340 0.835502
vt 0.469317 0.779433
vt 0.446846 0.779442
vt 0.446869 0.835511
vt 0.088221 0.340833
vt 0.088232 0.352598
vt 0.089446 0.354769
vt 0.089433 0.339619
vt 0.055994 0.371825
vt 0.088303 0.371796
vt 0.089515 0.370583
vt 0.054780 0.370613
vt 0.125897 0.355718
vt 0.158206 0.355690
vt 0.159418 0.354476
vt 0.124683 0.354507
vt 0.123349 0.387188
vt 0.123359 0.398954
vt 0.124574 0.401125
vt 0.124560 0.385974
vt 0.679689 0.901454
vt 0.679708 0.949080
vt 0.702179 0.949070
vt 0.702160 0.901444
vt 0.153858 0.195531
vt 0.162938 0.195531
vt 0.162938 0.133321
vt 0.153858 0.133321
vt 0.366251 0.886336
vt 0.375865 0.886336
vt 0.375865 0.830382
vt 0.366251 0.830382
vt 0.088314 0.383562
vt 0.089528 0.385733
vt 0.091039 0.387217
vt 0.089825 0.386005
vt 0.056004 0.383591
vt 0.054793 0.385764
vt 0.158217 0.367456
vt 0.159431 0.369626
vt 0.705204 0.877788
vt 0.769043 0.877598
vt 0.769016 0.868281
vt 0.705177 0.868471
vt 0.734098 0.784658
vt 0.734134 0.796655
vt 0.762144 0.796572
vt 0.762108 0.784574
vt 0.883357 0.741260
vt 0.911797 0.741260
vt 0.911797 0.712297
vt 0.883357 0.712297
vt 0.705246 0.784914
vt 0.705282 0.796911
vt 0.733293 0.796828
vt 0.733257 0.784830
vt 0.912613 0.831948
vt 0.941054 0.831948
vt 0.941054 0.802986
vt 0.912613 0.802986
vt 0.998811 0.918048
vt 0.982276 0.917983
vt 0.982116 0.958126
vt 0.998652 0.958192
vt 0.825211 0.711913
vt 0.853652 0.711913
vt 0.853652 0.681797
vt 0.825211 0.681798
vt 0.969877 0.834730
vt 0.969834 0.846360
vt 0.998069 0.846463
vt 0.998111 0.834833
vt 0.854663 0.802790
vt 0.883104 0.802790
vt 0.883104 0.772675
vt 0.854663 0.772675
vt 0.055912 0.340861
vt 0.054698 0.339650
vt 0.125907 0.367484
vt 0.124696 0.369657
vt 0.055922 0.352627
vt 0.054711 0.354800
vt 0.091050 0.398983
vt 0.089839 0.401155
vt 0.623522 0.843751
vt 0.647369 0.843887
vt 0.647707 0.784424
vt 0.623860 0.784289
vt 0.412405 0.954597
vt 0.412386 0.906971
vt 0.389915 0.906980
vt 0.389934 0.954606
vt 0.176016 0.328539
vt 0.176016 0.264880
vt 0.165078 0.264880
vt 0.165078 0.328539
vt 0.469047 0.778795
vt 0.469024 0.722727
vt 0.446553 0.722736
vt 0.446576 0.778805
vt 0.447107 0.835960
vt 0.447130 0.892029
vt 0.469601 0.892020
vt 0.469577 0.835951
vt 0.672737 0.784427
vt 0.648890 0.784292
vt 0.648552 0.843755
vt 0.672400 0.843890
vt 0.126002 0.384131
vt 0.125992 0.372365
vt 0.124778 0.370195
vt 0.124791 0.385345
vt 0.037883 0.684814
vt 0.066928 0.684787
vt 0.068017 0.683696
vt 0.036792 0.683725
vt 0.753209 0.712467
vt 0.753209 0.682437
vt 0.752082 0.681310
vt 0.752082 0.713594
vt 0.721327 0.712534
vt 0.710391 0.712534
vt 0.708373 0.713661
vt 0.722454 0.713661
vt 0.175781 0.261423
vt 0.175781 0.199254
vt 0.166702 0.199254
vt 0.166702 0.261423
vt 0.539741 0.770302
vt 0.539722 0.722676
vt 0.517251 0.722685
vt 0.517270 0.770311
vt 0.760009 0.918949
vt 0.760037 0.928267
vt 0.823876 0.928076
vt 0.823848 0.918759
vt 0.353837 0.723977
vt 0.344223 0.723977
vt 0.344223 0.779931
vt 0.353837 0.779931
vt 0.066937 0.695365
vt 0.068029 0.697316
vt 0.721327 0.682504
vt 0.722454 0.681377
vt 0.037893 0.695391
vt 0.036805 0.697344
vt 0.764145 0.682437
vt 0.766163 0.681310
vt 0.331037 0.790162
vt 0.331037 0.724288
vt 0.321422 0.724288
vt 0.321422 0.790162
vt 0.949410 0.887438
vt 0.961040 0.887540
vt 0.961280 0.860388
vt 0.949649 0.860285
vt 0.940597 0.712761
vt 0.912156 0.712761
vt 0.912156 0.741723
vt 0.940597 0.741723
vt 0.961488 0.915341
vt 0.973118 0.915443
vt 0.973357 0.888291
vt 0.961728 0.888188
vt 0.969722 0.801853
vt 0.941282 0.801853
vt 0.941282 0.830815
vt 0.969722 0.830815
vt 0.940814 0.834639
vt 0.940771 0.846270
vt 0.969006 0.846372
vt 0.969048 0.834742
vt 0.824414 0.681577
vt 0.795974 0.681577
vt 0.795974 0.711692
vt 0.824414 0.711692
vt 0.939671 0.846188
vt 0.939713 0.834558
vt 0.911478 0.834455
vt 0.911436 0.846085
vt 0.882845 0.741865
vt 0.854404 0.741865
vt 0.854404 0.771980
vt 0.882845 0.771980
vt 0.158312 0.384102
vt 0.159526 0.385314
vt 0.764145 0.712467
vt 0.766163 0.713594
vt 0.158301 0.372337
vt 0.159512 0.370164
vt 0.710391 0.682504
vt 0.708373 0.681377
vt 0.365223 0.791072
vt 0.355608 0.791072
vt 0.355608 0.856902
vt 0.365223 0.856902
vt 0.633253 0.964891
vt 0.655724 0.964881
vt 0.655704 0.917255
vt 0.633233 0.917264
vt 0.386031 0.724068
vt 0.376417 0.724068
vt 0.376417 0.780022
vt 0.386031 0.780022
vt 0.446521 0.835924
vt 0.424050 0.835933
vt 0.424073 0.892001
vt 0.446544 0.891992
vt 0.470364 0.892608
vt 0.492835 0.892599
vt 0.492812 0.836530
vt 0.470341 0.836539
vt 0.793901 0.682350
vt 0.795029 0.681222
vt 0.780947 0.681222
vt 0.782966 0.682350
vt 0.738540 0.715250
vt 0.737413 0.714123
vt 0.737413 0.746407
vt 0.738540 0.745280
vt 0.088365 0.387359
vt 0.089577 0.386146
vt 0.054842 0.386177
vt 0.056056 0.387388
vt 0.753193 0.745141
vt 0.752066 0.746268
vt 0.766147 0.746268
vt 0.764129 0.745141
vt 0.632605 0.869382
vt 0.610134 0.869391
vt 0.610153 0.917017
vt 0.632624 0.917008
vt 0.162938 0.261506
vt 0.162938 0.199295
vt 0.153858 0.199295
vt 0.153858 0.261506
vt 0.308261 0.907147
vt 0.308261 0.851192
vt 0.298647 0.851192
vt 0.298647 0.907147
vt 0.751494 0.746407
vt 0.749476 0.745280
vt 0.753193 0.715111
vt 0.752066 0.713984
vt 0.749476 0.715250
vt 0.751494 0.714123
vt 0.054855 0.401327
vt 0.056066 0.399154
vt 0.886345 0.846937
vt 0.877312 0.846937
vt 0.877312 0.908823
vt 0.886345 0.908823
vt 0.936943 0.860168
vt 0.936703 0.887321
vt 0.948333 0.887423
vt 0.948573 0.860270
vt 0.969613 0.741706
vt 0.969613 0.712744
vt 0.941173 0.712744
vt 0.941173 0.741706
vt 0.765020 0.809383
vt 0.793031 0.809299
vt 0.792995 0.797302
vt 0.764984 0.797385
vt 0.970728 0.709590
vt 0.998998 0.709825
vt 0.999229 0.682064
vt 0.970959 0.681828
vt 0.734521 0.834530
vt 0.763646 0.834443
vt 0.763610 0.822446
vt 0.734485 0.822533
vt 0.940689 0.712084
vt 0.940689 0.681969
vt 0.912249 0.681969
vt 0.912249 0.712084
vt 0.924356 0.887988
vt 0.924106 0.916222
vt 0.935736 0.916324
vt 0.935985 0.888091
vt 0.912768 0.772258
vt 0.912768 0.802373
vt 0.941209 0.802373
vt 0.941209 0.772258
vt 0.793901 0.712379
vt 0.795029 0.713506
vt 0.089590 0.401296
vt 0.088376 0.399125
vt 0.780947 0.713506
vt 0.782966 0.712379
vt 0.766147 0.713984
vt 0.764129 0.715111
vt 0.493960 0.958667
vt 0.437929 0.958954
vt 0.438044 0.981424
vt 0.494075 0.981138
vt 0.516324 0.880594
vt 0.516342 0.924486
vt 0.493871 0.924495
vt 0.493853 0.880603
vt 0.805589 0.908169
vt 0.755615 0.908318
vt 0.755587 0.899001
vt 0.805562 0.898852
vt 0.763014 0.867488
vt 0.705237 0.867660
vt 0.705210 0.858343
vt 0.762986 0.858170
vt 0.331037 0.794147
vt 0.331037 0.853766
vt 0.321422 0.853766
vt 0.321422 0.794147
vt 0.123282 0.384335
vt 0.123271 0.372569
vt 0.124482 0.370396
vt 0.124496 0.385547
vt 0.124655 0.445558
vt 0.124404 0.403255
vt 0.125982 0.401657
vt 0.126253 0.447136
vt 0.540296 0.919760
vt 0.540314 0.963652
vt 0.517843 0.963661
vt 0.517825 0.919769
vt 0.563384 0.918658
vt 0.563364 0.867914
vt 0.585835 0.867905
vt 0.585856 0.918649
vt 0.705046 0.908544
vt 0.705019 0.899227
vt 0.754993 0.899078
vt 0.755021 0.908395
vt 0.108998 0.403346
vt 0.106145 0.401775
vt 0.109250 0.445649
vt 0.106416 0.447254
vt 0.678974 0.952095
vt 0.656503 0.952091
vt 0.656512 0.901346
vt 0.678983 0.901350
vt 0.297875 0.883756
vt 0.285495 0.883756
vt 0.285495 0.854215
vt 0.297875 0.854215
vt 0.941055 0.771680
vt 0.912614 0.771680
vt 0.912614 0.742078
vt 0.941055 0.742079
vt 0.867376 0.909975
vt 0.867312 0.927772
vt 0.824844 0.927617
vt 0.824910 0.909820
vt 0.824566 0.741750
vt 0.796126 0.741750
vt 0.796126 0.712149
vt 0.824566 0.712149
vt 0.090972 0.384364
vt 0.089761 0.385577
vt 0.090962 0.372598
vt 0.089747 0.370427
vt 0.517286 0.969347
vt 0.494815 0.969356
vt 0.494797 0.925465
vt 0.517268 0.925456
vt 0.342349 0.911638
vt 0.332735 0.911638
vt 0.332735 0.860071
vt 0.342349 0.860071
vt 0.376707 0.840780
vt 0.376707 0.781161
vt 0.386321 0.781161
vt 0.386321 0.840780
vt 0.724086 0.682529
vt 0.722958 0.681402
vt 0.737040 0.681402
vt 0.735021 0.682529
vt 0.721298 0.715070
vt 0.722425 0.713943
vt 0.722425 0.746226
vt 0.721298 0.745099
vt 0.700101 0.975714
vt 0.700089 0.998185
vt 0.656197 0.998162
vt 0.656209 0.975691
vt 0.493832 0.830769
vt 0.493811 0.780025
vt 0.516282 0.780015
vt 0.516303 0.830760
vt 0.365500 0.858298
vt 0.365500 0.909865
vt 0.355885 0.909865
vt 0.355885 0.858298
vt 0.708343 0.746226
vt 0.710362 0.745099
vt 0.710362 0.715070
vt 0.708343 0.713943
vt 0.562868 0.868028
vt 0.562889 0.918773
vt 0.540418 0.918782
vt 0.540397 0.868037
vt 0.970328 0.847282
vt 0.998080 0.847383
vt 0.998037 0.859013
vt 0.970285 0.858912
vt 0.999116 0.802223
vt 0.999116 0.831824
vt 0.970676 0.831824
vt 0.970676 0.802223
vt 0.949037 0.916101
vt 0.949282 0.888349
vt 0.960912 0.888452
vt 0.960667 0.916203
vt 0.912187 0.802903
vt 0.912187 0.832504
vt 0.883746 0.832504
vt 0.883746 0.802903
vt 0.724086 0.712558
vt 0.722958 0.713685
vt 0.737040 0.713685
vt 0.735021 0.712558
vt 0.436578 0.892615
vt 0.458386 0.892606
vt 0.458403 0.935202
vt 0.436595 0.935211
vt 0.366158 0.777733
vt 0.375772 0.777733
vt 0.375772 0.829300
vt 0.366158 0.829300
vt 0.794168 0.744964
vt 0.795296 0.746091
vt 0.781214 0.746091
vt 0.783233 0.744964
vt 0.782518 0.777564
vt 0.781391 0.778691
vt 0.781391 0.746407
vt 0.782518 0.747535
vt 0.393302 0.985625
vt 0.393343 0.963154
vt 0.437235 0.963235
vt 0.437193 0.985706
vt 0.353837 0.783917
vt 0.353837 0.835484
vt 0.344223 0.835484
vt 0.344223 0.783917
vt 0.795472 0.746407
vt 0.793454 0.747535
vt 0.793454 0.777564
vt 0.795472 0.778691
vt 0.764640 0.810213
vt 0.793268 0.810128
vt 0.793304 0.822125
vt 0.764675 0.822211
vt 0.941656 0.801353
vt 0.941656 0.771752
vt 0.970097 0.771752
vt 0.970097 0.801353
vt 0.941264 0.847191
vt 0.969017 0.847292
vt 0.968975 0.858922
vt 0.941222 0.858821
vt 0.854740 0.832862
vt 0.854740 0.803260
vt 0.883180 0.803260
vt 0.883180 0.832862
vt 0.794168 0.714934
vt 0.795296 0.713807
vt 0.781214 0.713807
vt 0.783233 0.714934
vt 0.562575 0.986768
vt 0.518683 0.986933
vt 0.518600 0.964462
vt 0.562491 0.964298
vt 0.353934 0.836172
vt 0.353934 0.887739
vt 0.344320 0.887739
vt 0.344320 0.836172
vt 0.090905 0.340531
vt 0.090916 0.352297
vt 0.089705 0.354470
vt 0.089692 0.339319
vt 0.735765 0.745267
vt 0.735765 0.715237
vt 0.736893 0.714110
vt 0.736893 0.746394
vt 0.563269 0.919833
vt 0.563287 0.963725
vt 0.540816 0.963734
vt 0.540798 0.919842
vt 0.375536 0.775988
vt 0.365922 0.775988
vt 0.365922 0.724421
vt 0.375536 0.724421
vt 0.724830 0.715237
vt 0.722811 0.714110
vt 0.724830 0.745267
vt 0.722811 0.746394
vt 0.939682 0.847107
vt 0.939639 0.858738
vt 0.911887 0.858637
vt 0.911929 0.847006
vt 0.796158 0.801277
vt 0.824598 0.801277
vt 0.824598 0.830878
vt 0.796158 0.830878
vt 0.733867 0.810218
vt 0.733903 0.822216
vt 0.705274 0.822301
vt 0.705239 0.810304
vt 0.970537 0.772325
vt 0.998977 0.772325
vt 0.998977 0.801926
vt 0.970537 0.801926
vt 0.123215 0.340502
vt 0.124426 0.339289
vt 0.123225 0.352268
vt 0.124440 0.354439
vt 0.769582 0.877668
vt 0.769555 0.868351
vt 0.827332 0.868179
vt 0.827359 0.877496
vt 0.557944 0.534786
vt 0.557944 0.344617
vt 0.580502 0.344617
vt 0.580502 0.534786
vt 0.669764 0.534138
vt 0.661549 0.534138
vt 0.661549 0.343970
vt 0.669763 0.343970
vt 0.606465 0.344617
vt 0.606465 0.534786
vt 0.583907 0.534786
vt 0.583907 0.344617
vt 0.209838 0.725809
vt 0.209838 0.908300
vt 0.201955 0.908300
vt 0.201955 0.725809
vt 0.658143 0.534138
vt 0.635585 0.534138
vt 0.635585 0.343970
vt 0.658143 0.343970
vt 0.218914 0.725931
vt 0.218914 0.908422
vt 0.211031 0.908422
vt 0.211031 0.725931
vt 0.609622 0.534138
vt 0.609622 0.343970
vt 0.632180 0.343970
vt 0.632180 0.534138
vt 0.219984 0.908422
vt 0.219984 0.725931
vt 0.227868 0.725931
vt 0.227868 0.908422
vt 0.161987 0.526029
vt 0.162045 0.535172
vt 0.152902 0.535231
vt 0.152844 0.526088
vt 0.833887 0.931226
vt 0.836227 0.931251
vt 0.849728 0.964452
vt 0.819706 0.964143
vt 0.280987 0.745866
vt 0.280987 0.769055
vt 0.276684 0.769055
vt 0.276684 0.745866
vt 0.919061 0.965525
vt 0.949084 0.965305
vt 0.935485 0.998466
vt 0.933145 0.998484
vt 0.769352 0.930587
vt 0.782538 0.963914
vt 0.752520 0.963322
vt 0.767012 0.930541
vt 0.966105 0.931137
vt 0.952705 0.964379
vt 0.950364 0.964410
vt 0.936084 0.931536
vt 0.063358 0.621605
vt 0.041595 0.621605
vt 0.036645 0.616655
vt 0.068308 0.616655
vt 0.041595 0.643368
vt 0.036645 0.648318
vt 0.063358 0.643368
vt 0.068308 0.648318
vt 0.276714 0.816105
vt 0.276714 0.792917
vt 0.281016 0.792917
vt 0.281016 0.816105
vt 0.272861 0.923794
vt 0.272861 0.896592
vt 0.277908 0.896592
vt 0.277908 0.923794
vt 0.488975 0.989489
vt 0.529768 0.989580
vt 0.529751 0.997150
vt 0.488958 0.997059
vt 0.133266 0.525966
vt 0.133151 0.516393
vt 0.142725 0.516277
vt 0.142840 0.525851
vt 0.736382 0.929493
vt 0.749205 0.962962
vt 0.719196 0.962043
vt 0.734043 0.929421
vt 0.276772 0.769245
vt 0.281075 0.769245
vt 0.281075 0.792433
vt 0.276772 0.792433
vt 0.766853 0.930368
vt 0.752391 0.963161
vt 0.750051 0.963117
vt 0.736835 0.929801
vt 0.866948 0.931806
vt 0.869289 0.931818
vt 0.882965 0.964948
vt 0.852941 0.964798
vt 0.916337 0.965122
vt 0.886314 0.965262
vt 0.900001 0.932137
vt 0.902342 0.932126
vt 0.028668 0.575978
vt 0.033618 0.580928
vt 0.001955 0.580928
vt 0.006905 0.575978
vt 0.001955 0.549264
vt 0.006905 0.554215
vt 0.028668 0.554215
vt 0.033618 0.549264
vt 0.654627 0.990131
vt 0.654611 0.997700
vt 0.613818 0.997609
vt 0.613835 0.990039
vt 0.276596 0.816644
vt 0.280899 0.816644
vt 0.280899 0.839833
vt 0.276596 0.839833
vt 0.276157 0.745638
vt 0.271854 0.745638
vt 0.271854 0.722449
vt 0.276157 0.722449
vt 0.161925 0.516430
vt 0.161984 0.525573
vt 0.152841 0.525632
vt 0.152782 0.516489
vt 0.785478 0.964574
vt 0.798791 0.997851
vt 0.768771 0.997373
vt 0.783138 0.964537
vt 0.276008 0.816164
vt 0.271705 0.816164
vt 0.271705 0.792975
vt 0.276008 0.792975
vt 0.785990 0.963829
vt 0.800438 0.931028
vt 0.802778 0.931071
vt 0.816008 0.964382
vt 0.902037 0.998659
vt 0.899696 0.998671
vt 0.885691 0.965679
vt 0.915715 0.965531
vt 0.952179 0.965056
vt 0.982201 0.964734
vt 0.968715 0.997941
vt 0.966375 0.997966
vt 0.008555 0.654773
vt 0.003605 0.649823
vt 0.035268 0.649823
vt 0.030318 0.654773
vt 0.035268 0.681486
vt 0.030318 0.676536
vt 0.008555 0.676536
vt 0.003605 0.681486
vt 0.271799 0.816770
vt 0.276102 0.816770
vt 0.276102 0.839958
vt 0.271799 0.839958
vt 0.341769 0.942719
vt 0.341756 0.948499
vt 0.310609 0.948430
vt 0.310622 0.942651
vt 0.271761 0.746020
vt 0.276064 0.746020
vt 0.276064 0.769208
vt 0.271761 0.769208
vt 0.133226 0.505803
vt 0.133110 0.496230
vt 0.142684 0.496114
vt 0.142799 0.505688
vt 0.966643 0.931249
vt 0.968983 0.931213
vt 0.983331 0.964057
vt 0.953311 0.964518
vt 0.487705 0.997173
vt 0.442777 0.996991
vt 0.442811 0.988654
vt 0.487739 0.988836
vt 0.899292 0.998852
vt 0.869268 0.998846
vt 0.883117 0.965788
vt 0.885457 0.965788
vt 0.883493 0.965147
vt 0.869723 0.932056
vt 0.899747 0.932121
vt 0.885834 0.965152
vt 0.799949 0.931101
vt 0.785490 0.963897
vt 0.783150 0.963853
vt 0.769931 0.930538
vt 0.041589 0.609383
vt 0.063352 0.609383
vt 0.068302 0.614333
vt 0.036639 0.614333
vt 0.063352 0.587620
vt 0.068302 0.582669
vt 0.041589 0.587620
vt 0.036639 0.582669
vt 0.277778 0.869106
vt 0.277778 0.896308
vt 0.272731 0.896308
vt 0.272730 0.869106
vt 0.281080 0.722296
vt 0.281080 0.745485
vt 0.276777 0.745485
vt 0.276777 0.722296
vt 0.271764 0.792492
vt 0.271764 0.769303
vt 0.276067 0.769303
vt 0.276067 0.792492
vt 0.161987 0.526029
vt 0.152844 0.526088
vt 0.152902 0.535231
vt 0.162045 0.535172
vt 0.833887 0.931226
vt 0.819706 0.964143
vt 0.849728 0.964452
vt 0.836227 0.931251
vt 0.280987 0.745866
vt 0.276684 0.745866
vt 0.276684 0.769055
vt 0.280987 0.769055
vt 0.919061 0.965525
vt 0.933145 0.998484
vt 0.935485 0.998466
vt 0.949084 0.965305
vt 0.769352 0.930587
vt 0.767012 0.930541
vt 0.752520 0.963322
vt 0.782538 0.963914
vt 0.966105 0.931137
vt 0.936084 0.931536
vt 0.950364 0.964410
vt 0.952705 0.964379
vt 0.063358 0.621605
vt 0.068308 0.616655
vt 0.036645 0.616655
vt 0.041595 0.621605
vt 0.036645 0.648318
vt 0.041595 0.643368
vt 0.063358 0.643368
vt 0.068308 0.648318
vt 0.276714 0.816105
vt 0.281016 0.816105
vt 0.281016 0.792917
vt 0.276714 0.792917
vt 0.272861 0.923794
vt 0.277908 0.923794
vt 0.277908 0.896592
vt 0.272861 0.896592
vt 0.488975 0.989489
vt 0.488958 0.997059
vt 0.529751 0.997150
vt 0.529768 0.989580
vt 0.133266 0.525966
vt 0.142840 0.525851
vt 0.142725 0.516277
vt 0.133151 0.516393
vt 0.736382 0.929493
vt 0.734043 0.929421
vt 0.719196 0.962043
vt 0.749205 0.962962
vt 0.276772 0.769245
vt 0.276772 0.792433
vt 0.281075 0.792433
vt 0.281075 0.769245
vt 0.766853 0.930368
vt 0.736835 0.929801
vt 0.750051 0.963117
vt 0.752391 0.963161
vt 0.866948 0.931806
vt 0.852941 0.964798
vt 0.882965 0.964948
vt 0.869289 0.931818
vt 0.916337 0.965122
vt 0.902342 0.932126
vt 0.900001 0.932137
vt 0.886314 0.965262
vt 0.028668 0.575978
vt 0.006905 0.575978
vt 0.001955 0.580928
vt 0.033618 0.580928
vt 0.006905 0.554215
vt 0.001955 0.549264
vt 0.028668 0.554215
vt 0.033618 0.549264
vt 0.654627 0.990131
vt 0.613835 0.990039
vt 0.613818 0.997609
vt 0.654611 0.997700
vt 0.276596 0.816644
vt 0.276596 0.839833
vt 0.280899 0.839833
vt 0.280899 0.816644
vt 0.276157 0.745638
vt 0.276157 0.722449
vt 0.271854 0.722449
vt 0.271854 0.745638
vt 0.161925 0.516430
vt 0.152782 0.516489
vt 0.152841 0.525632
vt 0.161984 0.525573
vt 0.785478 0.964574
vt 0.783138 0.964537
vt 0.768771 0.997373
vt 0.798791 0.997851
vt 0.276008 0.816164
vt 0.276008 0.792975
vt 0.271705 0.792975
vt 0.271705 0.816164
vt 0.785990 0.963829
vt 0.816008 0.964382
vt 0.802778 0.931071
vt 0.800438 0.931028
vt 0.902037 0.998659
vt 0.915715 0.965531
vt 0.885691 0.965679
vt 0.899696 0.998671
vt 0.952179 0.965056
vt 0.966375 0.997966
vt 0.968715 0.997941
vt 0.982201 0.964734
vt 0.008555 0.654773
vt 0.030318 0.654773
vt 0.035268 0.649823
vt 0.003605 0.649823
vt 0.030318 0.676536
vt 0.035268 0.681486
vt 0.008555 0.676536
vt 0.003605 0.681486
vt 0.271799 0.816770
vt 0.271799 0.839958
vt 0.276102 0.839958
vt 0.276102 0.816770
vt 0.341769 0.942719
vt 0.310622 0.942651
vt 0.310609 0.948430
vt 0.341756 0.948499
vt 0.271761 0.746020
vt 0.271761 0.769208
vt 0.276064 0.769208
vt 0.276064 0.746020
vt 0.133226 0.505803
vt 0.142799 0.505688
vt 0.142684 0.496114
vt 0.133110 0.496230
vt 0.966643 0.931249
vt 0.953311 0.964518
vt 0.983331 0.964057
vt 0.968983 0.931213
vt 0.487705 0.997173
vt 0.487739 0.988836
vt 0.442811 0.988654
vt 0.442777 0.996991
vt 0.899292 0.998852
vt 0.885457 0.965788
vt 0.883117 0.965788
vt 0.869268 0.998846
vt 0.883493 0.965147
vt 0.885834 0.965152
vt 0.899747 0.932121
vt 0.869723 0.932056
vt 0.799949 0.931101
vt 0.769931 0.930538
vt 0.783150 0.963853
vt 0.785490 0.963897
vt 0.041589 0.609383
vt 0.036639 0.614333
vt 0.068302 0.614333
vt 0.063352 0.609383
vt 0.068302 0.582669
vt 0.063352 0.587620
vt 0.041589 0.587620
vt 0.036639 0.582669
vt 0.277778 0.869106
vt 0.272730 0.869106
vt 0.272731 0.896308
vt 0.277778 0.896308
vt 0.281080 0.722296
vt 0.276777 0.722296
vt 0.276777 0.745485
vt 0.281080 0.745485
vt 0.271764 0.792492
vt 0.276067 0.792492
vt 0.276067 0.769303
vt 0.271764 0.769303
vt 0.162062 0.516183
vt 0.152805 0.516242
vt 0.152746 0.506985
vt 0.162003 0.506926
vt 0.734087 0.996319
vt 0.731718 0.996234
vt 0.718913 0.962280
vt 0.749292 0.963370
vt 0.375361 0.999211
vt 0.375141 0.940970
vt 0.385948 0.940930
vt 0.386167 0.999170
vt 0.966248 0.998455
vt 0.935853 0.998887
vt 0.949390 0.965218
vt 0.951759 0.965185
vt 0.718405 0.962296
vt 0.731092 0.996294
vt 0.700717 0.995099
vt 0.716036 0.962203
vt 0.833428 0.931089
vt 0.819059 0.964411
vt 0.816690 0.964386
vt 0.803032 0.930766
vt 0.029923 0.643470
vt 0.029923 0.621435
vt 0.034935 0.616423
vt 0.034935 0.648482
vt 0.007888 0.621435
vt 0.002876 0.616423
vt 0.007888 0.643470
vt 0.002876 0.648482
vt 0.053276 0.351534
vt 0.001132 0.351706
vt 0.001100 0.342030
vt 0.053245 0.341858
vt 0.283431 0.896880
vt 0.283431 0.924421
vt 0.278321 0.924421
vt 0.278321 0.896880
vt 0.278191 0.868727
vt 0.278191 0.841185
vt 0.283301 0.841185
vt 0.283301 0.868727
vt 0.142848 0.526456
vt 0.142964 0.536149
vt 0.133272 0.536266
vt 0.133155 0.526573
vt 0.917004 0.965152
vt 0.902621 0.931835
vt 0.933018 0.931500
vt 0.919374 0.965126
vt 0.348911 0.939952
vt 0.348887 0.932645
vt 0.388264 0.932515
vt 0.388288 0.939822
vt 0.816134 0.964535
vt 0.801571 0.997773
vt 0.799201 0.997734
vt 0.785740 0.964034
vt 0.933479 0.931655
vt 0.935849 0.931637
vt 0.950106 0.965008
vt 0.919708 0.965229
vt 0.764868 0.997520
vt 0.734486 0.996527
vt 0.749587 0.963530
vt 0.751955 0.963607
vt 0.040844 0.576228
vt 0.035832 0.581240
vt 0.035832 0.549182
vt 0.040844 0.554194
vt 0.067891 0.549182
vt 0.062879 0.554194
vt 0.062879 0.576228
vt 0.067891 0.581240
vt 0.348447 0.932690
vt 0.348471 0.939996
vt 0.309094 0.940126
vt 0.309070 0.932819
vt 0.277537 0.868735
vt 0.272426 0.868735
vt 0.272426 0.841194
vt 0.277537 0.841194
vt 0.278278 0.869054
vt 0.283388 0.869054
vt 0.283388 0.896595
vt 0.278278 0.896595
vt 0.152857 0.506583
vt 0.152798 0.497326
vt 0.162055 0.497267
vt 0.162114 0.506524
vt 0.985100 0.964676
vt 0.999606 0.997940
vt 0.969211 0.998387
vt 0.982731 0.964711
vt 0.571597 0.989760
vt 0.571580 0.997423
vt 0.530277 0.997331
vt 0.530295 0.989667
vt 0.866910 0.931234
vt 0.852567 0.964568
vt 0.850197 0.964545
vt 0.836513 0.930935
vt 0.868891 0.998666
vt 0.866521 0.998660
vt 0.852597 0.965149
vt 0.882995 0.965230
vt 0.819173 0.964655
vt 0.849570 0.964917
vt 0.835268 0.998269
vt 0.832898 0.998248
vt 0.064157 0.676347
vt 0.069169 0.681359
vt 0.037110 0.681359
vt 0.042122 0.676347
vt 0.037110 0.649300
vt 0.042122 0.654312
vt 0.064157 0.654312
vt 0.069169 0.649300
vt 0.572016 0.997528
vt 0.572033 0.989864
vt 0.613336 0.989956
vt 0.613318 0.997620
vt 0.309655 0.932519
vt 0.309631 0.925212
vt 0.349008 0.925082
vt 0.349032 0.932389
vt 0.113133 0.449680
vt 0.120796 0.449608
vt 0.121185 0.490906
vt 0.113522 0.490978
vt 0.133112 0.506290
vt 0.142805 0.506173
vt 0.142922 0.515866
vt 0.133229 0.515983
vt 0.916125 0.965471
vt 0.918495 0.965455
vt 0.932740 0.998831
vt 0.902342 0.999040
vt 0.441818 0.997484
vt 0.394106 0.997291
vt 0.394142 0.988438
vt 0.441853 0.988630
vt 0.752329 0.963654
vt 0.782714 0.964564
vt 0.767704 0.997603
vt 0.765336 0.997532
vt 0.852118 0.965132
vt 0.866042 0.998643
vt 0.835643 0.998561
vt 0.849748 0.965125
vt 0.802047 0.997941
vt 0.816433 0.964625
vt 0.818803 0.964652
vt 0.832444 0.998279
vt 0.006736 0.609331
vt 0.028771 0.609331
vt 0.033783 0.614343
vt 0.001724 0.614343
vt 0.028771 0.587296
vt 0.033783 0.582284
vt 0.006736 0.587296
vt 0.001724 0.582284
vt 0.342141 0.942817
vt 0.373677 0.942886
vt 0.373664 0.948737
vt 0.342128 0.948668
vt 0.119447 0.496110
vt 0.119786 0.537001
vt 0.112198 0.537064
vt 0.111860 0.496173
vt 0.349660 0.925038
vt 0.389037 0.924908
vt 0.389061 0.932214
vt 0.349684 0.932344
vt 0.162062 0.516183
vt 0.162003 0.506926
vt 0.152746 0.506985
vt 0.152805 0.516242
vt 0.734087 0.996319
vt 0.749292 0.963370
vt 0.718913 0.962280
vt 0.731718 0.996234
vt 0.375361 0.999211
vt 0.386167 0.999170
vt 0.385948 0.940930
vt 0.375141 0.940970
vt 0.966248 0.998455
vt 0.951759 0.965185
vt 0.949390 0.965218
vt 0.935853 0.998887
vt 0.718405 0.962296
vt 0.716036 0.962203
vt 0.700717 0.995099
vt 0.731092 0.996294
vt 0.833428 0.931089
vt 0.803032 0.930766
vt 0.816690 0.964386
vt 0.819059 0.964411
vt 0.029923 0.643470
vt 0.034935 0.648482
vt 0.034935 0.616423
vt 0.029923 0.621435
vt 0.002876 0.616423
vt 0.007888 0.621435
vt 0.007888 0.643470
vt 0.002876 0.648482
vt 0.053276 0.351534
vt 0.053245 0.341858
vt 0.001100 0.342030
vt 0.001132 0.351706
vt 0.283431 0.896880
vt 0.278321 0.896880
vt 0.278321 0.924421
vt 0.283431 0.924421
vt 0.278191 0.868727
vt 0.283301 0.868727
vt 0.283301 0.841185
vt 0.278191 0.841185
vt 0.142848 0.526456
vt 0.133155 0.526573
vt 0.133272 0.536266
vt 0.142964 0.536149
vt 0.917004 0.965152
vt 0.919374 0.965126
vt 0.933018 0.931500
vt 0.902621 0.931835
vt 0.348911 0.939952
vt 0.388288 0.939822
vt 0.388264 0.932515
vt 0.348887 0.932645
vt 0.816134 0.964535
vt 0.785740 0.964034
vt 0.799201 0.997734
vt 0.801571 0.997773
vt 0.933479 0.931655
vt 0.919708 0.965229
vt 0.950106 0.965008
vt 0.935849 0.931637
vt 0.764868 0.997520
vt 0.751955 0.963607
vt 0.749587 0.963530
vt 0.734486 0.996527
vt 0.040844 0.576228
vt 0.040844 0.554194
vt 0.035832 0.549182
vt 0.035832 0.581240
vt 0.062879 0.554194
vt 0.067891 0.549182
vt 0.062879 0.576228
vt 0.067891 0.581240
vt 0.348447 0.932690
vt 0.309070 0.932819
vt 0.309094 0.940126
vt 0.348471 0.939996
vt 0.277537 0.868735
vt 0.277537 0.841194
vt 0.272426 0.841194
vt 0.272426 0.868735
vt 0.278278 0.869054
vt 0.278278 0.896595
vt 0.283388 0.896595
vt 0.283388 0.869054
vt 0.152857 0.506583
vt 0.162114 0.506524
vt 0.162055 0.497267
vt 0.152798 0.497326
vt 0.985100 0.964676
vt 0.982731 0.964711
vt 0.969211 0.998387
vt 0.999606 0.997940
vt 0.571597 0.989760
vt 0.530295 0.989667
vt 0.530277 0.997331
vt 0.571580 0.997423
vt 0.866910 0.931234
vt 0.836513 0.930935
vt 0.850197 0.964545
vt 0.852567 0.964568
vt 0.868891 0.998666
vt 0.882995 0.965230
vt 0.852597 0.965149
vt 0.866521 0.998660
vt 0.819173 0.964655
vt 0.832898 0.998248
vt 0.835268 0.998269
vt 0.849570 0.964917
vt 0.064157 0.676347
vt 0.042122 0.676347
vt 0.037110 0.681359
vt 0.069169 0.681359
vt 0.042122 0.654312
vt 0.037110 0.649300
vt 0.064157 0.654312
vt 0.069169 0.649300
vt 0.572016 0.997528
vt 0.613318 0.997620
vt 0.613336 0.989956
vt 0.572033 0.989864
vt 0.309655 0.932519
vt 0.349032 0.932389
vt 0.349008 0.925082
vt 0.309631 0.925212
vt 0.113133 0.449680
vt 0.113522 0.490978
vt 0.121185 0.490906
vt 0.120796 0.449608
vt 0.133112 0.506290
vt 0.133229 0.515983
vt 0.142922 0.515866
vt 0.142805 0.506173
vt 0.916125 0.965471
vt 0.902342 0.999040
vt 0.932740 0.998831
vt 0.918495 0.965455
vt 0.441818 0.997484
vt 0.441853 0.988630
vt 0.394142 0.988438
vt 0.394106 0.997291
vt 0.752329 0.963654
vt 0.765336 0.997532
vt 0.767704 0.997603
vt 0.782714 0.964564
vt 0.852118 0.965132
vt 0.849748 0.965125
vt 0.835643 0.998561
vt 0.866042 0.998643
vt 0.802047 0.997941
vt 0.832444 0.998279
vt 0.818803 0.964652
vt 0.816433 0.964625
vt 0.006736 0.609331
vt 0.001724 0.614343
vt 0.033783 0.614343
vt 0.028771 0.609331
vt 0.033783 0.582284
vt 0.028771 0.587296
vt 0.006736 0.587296
vt 0.001724 0.582284
vt 0.342141 0.942817
vt 0.342128 0.948668
vt 0.373664 0.948737
vt 0.373677 0.942886
vt 0.119447 0.496110
vt 0.111860 0.496173
vt 0.112198 0.537064
vt 0.119786 0.537001
vt 0.349660 0.925038
vt 0.349684 0.932344
vt 0.389061 0.932214
vt 0.389037 0.924908
vn -1.0000 0.0000 0.0000
vn -0.0000 0.9994 0.0359
vn -0.0000 0.9999 0.0165
vn -0.0000 0.0123 0.9999
vn -0.0000 0.0061 1.0000
vn -0.0000 0.0062 1.0000
vn 0.0000 0.0000 1.0000
vn 0.0000 1.0000 0.0000
vn 0.0207 -0.9998 0.0000
vn 0.0104 -0.9999 0.0000
vn 0.0103 -0.9999 0.0000
vn 0.0000 -1.0000 0.0000
vn 0.0000 0.0000 -1.0000
vn 1.0000 0.0000 0.0000
vn 0.9999 0.0123 -0.0000
vn 1.0000 0.0062 -0.0000
vn -0.9997 0.0000 0.0251
vn -0.9999 0.0000 0.0125
vn -0.9999 0.0000 0.0124
vn 1.0000 0.0000 -0.0074
vn 1.0000 -0.0000 -0.0037
vn -0.0356 0.9994 0.0000
vn -0.0073 1.0000 0.0000
vn 1.0000 -0.0036 0.0000
vn 1.0000 -0.0018 0.0000
vn -0.0000 -0.9998 -0.0208
vn -0.0000 -0.9999 -0.0104
vn -0.0000 -0.9999 -0.0105
vn -0.0248 -0.0000 0.9997
vn -0.0126 0.0000 0.9999
vn -0.0123 0.0000 0.9999
vn 0.0000 -0.0036 -1.0000
vn 0.0000 -0.0018 -1.0000
vn 0.0072 -0.0000 -1.0000
vn 0.0036 -0.0000 -1.0000
vn 0.0000 1.0000 0.0072
vn 0.9999 -0.0123 -0.0000
vn 1.0000 -0.0062 -0.0000
vn 0.0356 0.9994 0.0000
vn 0.0073 1.0000 0.0000
vn 0.0073 1.0000 0.0001
vn 0.0248 -0.0000 0.9997
vn 0.0123 0.0000 0.9999
vn 0.0126 0.0000 0.9999
vn 0.9997 0.0000 0.0251
vn 0.9999 0.0000 0.0122
vn 0.9999 0.0000 0.0125
vn -1.0000 0.0000 -0.0074
vn -1.0000 0.0000 -0.0037
vn -0.0072 -0.0000 -1.0000
vn -0.0036 -0.0000 -1.0000
vn -1.0000 -0.0036 0.0000
vn -1.0000 -0.0018 0.0000
vn 0.9997 0.0000 -0.0251
vn 0.9999 0.0000 -0.0125
vn 0.9999 0.0000 -0.0122
vn -0.0207 -0.9998 0.0000
vn -0.0103 -0.9999 0.0000
vn -0.0104 -0.9999 0.0000
vn -0.9999 0.0123 0.0000
vn -1.0000 0.0062 0.0000
vn -0.9997 0.0000 -0.0251
vn -0.9999 0.0000 -0.0124
vn -0.9999 0.0000 -0.0125
vn -0.9999 -0.0123 0.0000
vn -1.0000 -0.0062 0.0000
vn -0.0072 -0.0000 1.0000
vn -0.0036 -0.0000 1.0000
vn 0.0072 -0.0000 1.0000
vn 0.0036 -0.0000 1.0000
vn -0.0000 -0.9998 0.0208
vn -0.0000 -0.9999 0.0105
vn -0.0000 -0.9999 0.0104
vn -0.0073 1.0000 -0.0001
vn -0.0000 0.9994 -0.0359
vn -0.0000 0.9999 -0.0165
vn -0.0248 -0.0000 -0.9997
vn -0.0123 0.0000 -0.9999
vn -0.0126 0.0000 -0.9999
vn 0.0000 -0.0036 1.0000
vn -0.0000 -0.0018 1.0000
vn 1.0000 0.0000 0.0074
vn 1.0000 0.0000 0.0037
vn 0.0000 1.0000 -0.0072
vn 0.0001 1.0000 -0.0072
vn 0.0000 0.0123 -0.9999
vn 0.0000 0.0061 -1.0000
vn 0.0000 0.0062 -1.0000
vn 0.0248 -0.0000 -0.9997
vn 0.0126 0.0000 -0.9999
vn 0.0123 0.0000 -0.9999
vn -0.9999 -0.0000 0.0122
vn -1.0000 0.0000 0.0074
vn -1.0000 -0.0000 0.0037
vn -0.0000 -0.9994 0.0359
vn -0.0000 -1.0000 0.0072
vn 0.0000 0.0036 -1.0000
vn -0.0000 0.0018 -1.0000
vn 1.0000 0.0036 0.0000
vn 1.0000 0.0018 0.0000
vn -0.0356 -0.9994 0.0000
vn -0.0073 -1.0000 0.0000
vn -0.0073 -1.0000 0.0001
vn -0.0000 -0.0123 0.9999
vn -0.0000 -0.0062 1.0000
vn -0.0000 -0.0061 1.0000
vn -0.9999 -0.0000 -0.0122
vn 0.0001 -1.0000 0.0072
vn 0.0207 0.9998 0.0000
vn 0.0103 0.9999 0.0000
vn 0.0104 0.9999 0.0000
vn -1.0000 0.0036 0.0000
vn -1.0000 0.0018 0.0000
vn 0.0356 -0.9994 0.0000
vn 0.0073 -1.0000 0.0000
vn 0.0000 0.9998 -0.0208
vn 0.0000 0.9999 -0.0104
vn 0.0000 0.9999 -0.0105
vn -0.0207 0.9998 0.0000
vn -0.0104 0.9999 0.0000
vn -0.0103 0.9999 0.0000
vn -0.0000 -0.9994 -0.0359
vn -0.0000 -1.0000 -0.0072
vn -0.0001 -1.0000 -0.0072
vn -0.0000 0.9998 0.0208
vn -0.0000 0.9999 0.0104
vn -0.0000 0.9999 0.0105
vn -0.0000 -0.0123 -0.9999
vn -0.0000 -0.0061 -1.0000
vn -0.0000 -0.0062 -1.0000
vn 0.0000 0.0036 1.0000
vn 0.0000 0.0018 1.0000
vn 0.0073 -1.0000 -0.0001
vn -0.4187 0.0000 -0.9081
vn -0.4187 0.0000 0.9081
vn -0.4187 -0.9081 0.0000
vn -0.4187 0.9081 0.0000
vn 0.4187 0.0000 -0.9081
vn 0.4187 0.0000 0.9081
vn 0.4187 -0.9081 0.0000
vn 0.4187 0.9081 0.0000
vn -0.9081 0.0000 0.4187
vn 0.9081 0.0000 0.4187
vn 0.0000 -0.9081 0.4187
vn 0.0000 0.9081 0.4187
vn -0.9081 0.0000 -0.4187
vn 0.9081 0.0000 -0.4187
vn 0.0000 -0.9081 -0.4187
vn 0.0000 0.9081 -0.4187
g Cell_2_Cell_2_Cell_2
usemtl Cell_2
s 1
f 10/1/1 1/2/1 13/3/1 14/4/1
f 42/5/2 170/6/3 176/7/3 44/8/2
f 88/9/4 168/10/5 163/11/6 86/12/4
f 19/13/7 20/14/7 1/15/7 10/16/7
f 17/17/8 13/18/8 1/19/8 20/20/8
f 32/21/9 181/22/10 179/23/11 35/24/9
f 5/25/12 6/26/12 10/27/12 14/28/12
f 7/29/12 5/25/12 14/28/12 18/30/12
f 8/31/12 7/29/12 18/30/12 19/32/12
f 6/26/12 8/31/12 19/32/12 10/27/12
f 2/33/13 9/34/13 14/35/13 13/36/13
f 9/34/13 11/37/13 18/38/13 14/35/13
f 4/39/13 2/33/13 13/36/13 17/40/13
f 11/37/13 4/39/13 17/40/13 18/38/13
f 16/41/14 15/42/14 18/43/14 17/44/14
f 15/42/14 12/45/14 19/46/14 18/43/14
f 3/47/14 16/41/14 17/44/14 20/48/14
f 12/45/14 3/47/14 20/48/14 19/46/14
f 106/49/15 105/50/15 185/51/16 188/52/16
f 49/53/17 171/54/18 170/55/19 42/56/17
f 44/57/20 176/58/21 173/59/21 51/60/20
f 36/61/22 178/62/23 184/63/23 23/64/22
f 87/65/24 166/66/25 168/67/25 88/68/24
f 51/69/26 173/70/27 171/71/28 49/72/26
f 23/73/29 184/74/30 181/75/31 32/76/29
f 85/77/32 162/78/33 166/79/33 87/80/32
f 35/81/34 179/82/35 178/83/35 36/84/34
f 30/85/14 34/86/14 33/87/14 21/88/14
f 62/89/2 64/90/2 199/91/36 193/92/36
f 26/93/37 187/94/38 186/95/38 25/96/37
f 39/97/7 30/98/7 21/99/7 40/100/7
f 37/101/8 40/102/8 21/103/8 33/104/8
f 16/105/39 3/106/39 183/107/40 177/108/41
f 25/109/12 34/110/12 30/111/12 26/112/12
f 27/113/12 38/114/12 34/110/12 25/109/12
f 28/115/12 39/116/12 38/114/12 27/113/12
f 26/112/12 30/111/12 39/116/12 28/115/12
f 22/117/13 33/118/13 34/119/13 29/120/13
f 29/120/13 34/119/13 38/121/13 31/122/13
f 24/123/13 37/124/13 33/118/13 22/117/13
f 31/122/13 38/121/13 37/124/13 24/123/13
f 36/125/1 37/126/1 38/127/1 35/128/1
f 35/128/1 38/127/1 39/129/1 32/130/1
f 23/131/1 40/132/1 37/126/1 36/125/1
f 32/130/1 39/129/1 40/132/1 23/131/1
f 3/133/42 12/134/42 182/135/43 183/136/44
f 69/137/45 62/138/45 193/139/46 196/140/47
f 64/141/48 71/142/48 198/143/49 199/144/49
f 15/145/50 16/146/50 177/147/51 180/148/51
f 107/149/52 108/150/52 191/151/53 189/152/53
f 29/153/54 195/154/55 194/155/56 22/156/54
f 12/157/57 15/158/57 180/159/58 182/160/59
f 105/161/32 107/162/32 189/163/33 185/164/33
f 126/165/60 125/166/60 201/167/61 204/168/61
f 50/169/1 54/170/1 53/171/1 41/172/1
f 9/173/62 2/174/62 169/175/63 172/176/64
f 46/177/65 203/178/66 202/179/66 45/180/65
f 59/181/13 50/182/13 41/183/13 60/184/13
f 57/185/8 60/186/8 41/187/8 53/188/8
f 55/189/67 211/190/68 210/191/68 56/192/67
f 45/193/12 54/194/12 50/195/12 46/196/12
f 47/197/12 58/198/12 54/194/12 45/193/12
f 48/199/12 59/200/12 58/198/12 47/197/12
f 46/196/12 50/195/12 59/200/12 48/199/12
f 42/201/7 53/202/7 54/203/7 49/204/7
f 49/204/7 54/203/7 58/205/7 51/206/7
f 44/207/7 57/208/7 53/202/7 42/201/7
f 51/206/7 58/205/7 57/208/7 44/207/7
f 56/209/14 57/210/14 58/211/14 55/212/14
f 55/212/14 58/211/14 59/213/14 52/214/14
f 43/215/14 60/216/14 57/210/14 56/209/14
f 52/214/14 59/213/14 60/216/14 43/215/14
f 146/217/15 219/218/16 218/219/16 145/220/15
f 75/221/69 76/222/69 209/223/70 212/224/70
f 11/225/71 9/226/71 172/227/72 174/228/73
f 76/229/22 63/230/22 215/231/23 209/232/74
f 127/233/24 128/234/24 207/235/25 205/236/25
f 2/237/75 4/238/75 175/239/76 169/240/76
f 63/241/77 72/242/77 214/243/78 215/244/79
f 125/245/80 127/246/80 205/247/81 201/248/81
f 4/249/82 11/250/82 174/251/83 175/252/83
f 70/253/14 61/254/14 73/255/14 74/256/14
f 22/257/75 194/258/84 200/259/85 24/260/75
f 148/261/86 224/262/87 219/263/88 146/264/86
f 79/265/13 80/266/13 61/267/13 70/268/13
f 77/269/8 73/270/8 61/271/8 80/272/8
f 72/273/9 75/274/9 212/275/11 214/276/10
f 65/277/12 66/278/12 70/279/12 74/280/12
f 67/281/12 65/277/12 74/280/12 78/282/12
f 68/283/12 67/281/12 78/282/12 79/284/12
f 66/278/12 68/283/12 79/284/12 70/279/12
f 62/285/7 69/286/7 74/287/7 73/288/7
f 69/286/7 71/289/7 78/290/7 74/287/7
f 64/291/7 62/285/7 73/288/7 77/292/7
f 71/289/7 64/291/7 77/292/7 78/290/7
f 76/293/1 75/294/1 78/295/1 77/296/1
f 75/294/1 72/297/1 79/298/1 78/295/1
f 63/299/1 76/293/1 77/296/1 80/300/1
f 72/297/1 63/299/1 80/300/1 79/298/1
f 43/301/89 216/302/90 213/303/91 52/304/89
f 129/305/17 122/306/17 225/307/92 228/308/18
f 31/309/71 197/310/73 195/311/72 29/312/71
f 56/313/39 210/314/40 216/315/40 43/316/39
f 147/317/52 222/318/53 224/319/53 148/320/52
f 71/321/26 69/322/26 196/323/28 198/324/27
f 52/325/57 213/326/59 211/327/58 55/328/57
f 145/329/80 218/330/81 222/331/81 147/332/80
f 24/333/93 200/334/94 197/335/94 31/336/93
f 90/337/1 94/338/1 93/339/1 81/340/1
f 122/341/95 124/342/95 231/343/96 225/344/96
f 5/345/97 7/346/97 165/347/98 161/348/98
f 99/349/7 90/350/7 81/351/7 100/352/7
f 97/353/12 100/354/12 81/355/12 93/356/12
f 95/357/50 235/358/51 234/359/51 96/360/50
f 85/361/8 94/362/8 90/363/8 86/364/8
f 87/365/8 98/366/8 94/362/8 85/361/8
f 88/367/8 99/368/8 98/366/8 87/365/8
f 86/364/8 90/363/8 99/368/8 88/367/8
f 82/369/13 93/370/13 94/371/13 89/372/13
f 89/372/13 94/371/13 98/373/13 91/374/13
f 84/375/13 97/376/13 93/370/13 82/369/13
f 91/374/13 98/373/13 97/376/13 84/375/13
f 96/377/14 97/378/14 98/379/14 95/380/14
f 95/380/14 98/379/14 99/381/14 92/382/14
f 83/383/14 100/384/14 97/378/14 96/377/14
f 92/382/14 99/381/14 100/384/14 83/383/14
f 149/385/45 243/386/47 242/387/46 142/388/45
f 7/389/99 8/390/99 167/391/100 165/392/100
f 124/393/20 131/394/20 230/395/21 231/396/21
f 116/397/101 103/398/101 239/399/102 233/400/103
f 8/401/104 6/402/104 164/403/105 167/404/106
f 89/405/62 227/406/64 226/407/107 82/408/62
f 103/409/29 112/410/29 238/411/31 239/412/30
f 6/413/65 5/414/65 161/415/66 164/416/66
f 115/417/34 116/418/34 233/419/35 236/420/35
f 110/421/14 101/422/14 113/423/14 114/424/14
f 142/425/95 242/426/96 248/427/108 144/428/95
f 108/429/4 106/430/4 188/431/6 191/432/5
f 119/433/7 120/434/7 101/435/7 110/436/7
f 117/437/12 113/438/12 101/439/12 120/440/12
f 112/441/109 115/442/109 236/443/110 238/444/111
f 105/445/8 106/446/8 110/447/8 114/448/8
f 107/449/8 105/445/8 114/448/8 118/450/8
f 108/451/8 107/449/8 118/450/8 119/452/8
f 106/446/8 108/451/8 119/452/8 110/447/8
f 102/453/13 109/454/13 114/455/13 113/456/13
f 109/454/13 111/457/13 118/458/13 114/455/13
f 104/459/13 102/453/13 113/456/13 117/460/13
f 111/457/13 104/459/13 117/460/13 118/458/13
f 116/461/1 115/462/1 118/463/1 117/464/1
f 115/462/1 112/465/1 119/466/1 118/463/1
f 103/467/1 116/461/1 117/464/1 120/468/1
f 112/465/1 103/467/1 120/468/1 119/466/1
f 83/469/42 240/470/44 237/471/43 92/472/42
f 27/473/112 190/474/113 192/475/113 28/476/112
f 144/477/48 248/478/49 245/479/49 151/480/48
f 96/481/114 234/482/115 240/483/115 83/484/114
f 28/485/104 192/486/106 187/487/105 26/488/104
f 151/489/116 245/490/117 243/491/118 149/492/116
f 92/493/119 237/494/120 235/495/121 95/496/119
f 25/497/97 186/498/98 190/499/98 27/500/97
f 155/501/69 251/502/70 250/503/70 156/504/69
f 130/505/1 121/506/1 133/507/1 134/508/1
f 82/509/122 226/510/123 232/511/124 84/512/122
f 128/513/86 126/514/86 204/515/88 207/516/87
f 139/517/13 140/518/13 121/519/13 130/520/13
f 137/521/12 133/522/12 121/523/12 140/524/12
f 152/525/109 253/526/111 251/527/110 155/528/109
f 125/529/8 126/530/8 130/531/8 134/532/8
f 127/533/8 125/529/8 134/532/8 138/534/8
f 128/535/8 127/533/8 138/534/8 139/536/8
f 126/530/8 128/535/8 139/536/8 130/531/8
f 122/537/7 129/538/7 134/539/7 133/540/7
f 129/538/7 131/541/7 138/542/7 134/539/7
f 124/543/7 122/537/7 133/540/7 137/544/7
f 131/541/7 124/543/7 137/544/7 138/542/7
f 136/545/14 135/546/14 138/547/14 137/548/14
f 135/546/14 132/549/14 139/550/14 138/547/14
f 123/551/14 136/545/14 137/548/14 140/552/14
f 132/549/14 123/551/14 140/552/14 139/550/14
f 47/553/99 206/554/100 208/555/100 48/556/99
f 91/557/125 229/558/126 227/559/127 89/560/125
f 156/561/101 250/562/102 256/563/102 143/564/101
f 48/565/128 208/566/129 203/567/130 46/568/128
f 131/569/116 129/570/116 228/571/118 230/572/117
f 143/573/77 256/574/79 253/575/78 152/576/77
f 45/577/131 202/578/132 206/579/132 47/580/131
f 84/581/82 232/582/83 229/583/83 91/584/82
f 150/585/14 154/586/14 153/587/14 141/588/14
f 109/589/54 102/590/54 241/591/56 244/592/55
f 65/593/131 67/594/131 221/595/132 217/596/132
f 159/597/13 150/598/13 141/599/13 160/600/13
f 157/601/12 160/602/12 141/603/12 153/604/12
f 136/605/114 123/606/114 255/607/115 249/608/133
f 145/609/8 154/610/8 150/611/8 146/612/8
f 147/613/8 158/614/8 154/610/8 145/609/8
f 148/615/8 159/616/8 158/614/8 147/613/8
f 146/612/8 150/611/8 159/616/8 148/615/8
f 142/617/7 153/618/7 154/619/7 149/620/7
f 149/620/7 154/619/7 158/621/7 151/622/7
f 144/623/7 157/624/7 153/618/7 142/617/7
f 151/622/7 158/621/7 157/624/7 144/623/7
f 156/625/1 157/626/1 158/627/1 155/628/1
f 155/628/1 158/627/1 159/629/1 152/630/1
f 143/631/1 160/632/1 157/626/1 156/625/1
f 152/630/1 159/629/1 160/632/1 143/631/1
f 123/633/89 132/634/89 254/635/91 255/636/90
f 67/637/112 68/638/112 223/639/113 221/640/113
f 111/641/125 109/642/125 244/643/127 246/644/126
f 135/645/67 136/646/67 249/647/68 252/648/68
f 68/649/128 66/650/128 220/651/130 223/652/129
f 102/653/122 104/654/122 247/655/123 241/656/123
f 132/657/119 135/658/119 252/659/121 254/660/120
f 66/661/37 65/662/37 217/663/38 220/664/38
f 104/665/93 111/666/93 246/667/94 247/668/94
f 162/669/61 163/670/61 164/416/66 161/415/66
f 166/79/33 162/78/33 161/348/98 165/347/98
f 168/67/25 166/66/25 165/392/100 167/391/100
f 163/11/6 168/10/5 167/404/106 164/403/105
f 174/228/73 172/227/72 263/671/12 265/672/12
f 175/252/83 174/251/83 265/673/14 268/674/14
f 262/675/1 263/676/1 172/176/64 169/175/63
f 270/677/14 271/678/14 272/679/14 269/680/14
f 178/83/35 179/82/35 180/148/51 177/147/51
f 182/160/59 180/159/58 179/23/11 181/22/10
f 177/108/41 183/107/40 184/63/23 178/62/23
f 183/136/44 182/135/43 181/75/31 184/74/30
f 186/95/38 187/94/38 188/52/16 185/51/16
f 190/499/98 186/498/98 185/164/33 189/163/33
f 192/475/113 190/474/113 189/152/53 191/151/53
f 187/487/105 192/486/106 191/432/5 188/431/6
f 194/155/56 195/154/55 196/140/47 193/139/46
f 198/324/27 196/323/28 195/311/72 197/310/73
f 193/92/36 199/91/36 200/259/85 194/258/84
f 199/144/49 198/143/49 197/335/94 200/334/94
f 202/179/66 203/178/66 204/168/61 201/167/61
f 206/579/132 202/578/132 201/248/81 205/247/81
f 208/555/100 206/554/100 205/236/25 207/235/25
f 203/567/130 208/566/129 207/516/87 204/515/88
f 210/191/68 211/190/68 212/224/70 209/223/70
f 214/276/10 212/275/11 211/327/58 213/326/59
f 209/232/74 215/231/23 216/315/40 210/314/40
f 215/244/79 214/243/78 213/303/91 216/302/90
f 218/219/16 219/218/16 220/664/38 217/663/38
f 222/331/81 218/330/81 217/596/132 221/595/132
f 224/319/53 222/318/53 221/640/113 223/639/113
f 219/263/88 224/262/87 223/652/129 220/651/130
f 226/407/107 227/406/64 228/308/18 225/307/92
f 230/572/117 228/571/118 227/559/127 229/558/126
f 225/344/96 231/343/96 232/511/124 226/510/123
f 231/396/21 230/395/21 229/583/83 232/582/83
f 234/359/51 235/358/51 236/420/35 233/419/35
f 238/444/111 236/443/110 235/495/121 237/494/120
f 233/400/103 239/399/102 240/483/115 234/482/115
f 239/412/30 238/411/31 237/471/43 240/470/44
f 242/387/46 243/386/47 244/592/55 241/591/56
f 246/644/126 244/643/127 243/491/118 245/490/117
f 241/656/123 247/655/123 248/427/108 242/426/96
f 247/668/94 246/667/94 245/479/49 248/478/49
f 250/503/70 251/502/70 252/648/68 249/647/68
f 254/660/120 252/659/121 251/527/110 253/526/111
f 249/608/133 255/607/115 256/563/102 250/562/102
f 255/636/90 254/635/91 253/575/78 256/574/79
f 86/681/60 163/670/61 162/669/61 85/682/60
f 267/683/14 266/684/14 173/59/21 176/58/21
f 261/685/8 267/686/8 176/7/3 170/6/3
f 266/687/12 264/688/12 171/71/28 173/70/27
f 169/240/76 175/239/76 268/689/8 262/690/8
f 266/691/13 267/692/13 271/693/13 270/694/13
f 268/695/7 265/696/7 269/697/7 272/698/7
f 265/696/7 263/699/7 258/700/7 269/697/7
f 261/701/13 264/702/13 257/703/13 260/704/13
f 170/55/19 171/54/18 264/705/1 261/706/1
f 271/707/8 260/708/8 259/709/8 272/710/8
f 257/711/12 270/712/12 269/713/12 258/714/12
f 258/715/1 259/716/1 260/717/1 257/718/1
f 263/699/7 262/719/7 259/720/7 258/700/7
f 264/702/13 266/691/13 270/694/13 257/703/13
f 262/719/7 268/695/7 272/698/7 259/720/7
f 267/692/13 261/701/13 260/704/13 271/693/13
f 275/721/13 276/722/13 280/723/13 279/724/13
f 277/725/7 278/726/7 274/727/7 273/728/7
f 275/729/12 279/730/12 277/731/12 273/732/12
f 280/733/8 276/734/8 274/735/8 278/736/8
f 283/737/13 284/738/13 288/739/13 287/740/13
f 285/741/7 286/742/7 282/743/7 281/744/7
f 283/745/12 287/746/12 285/747/12 281/748/12
f 288/749/8 284/750/8 282/751/8 286/752/8
f 291/753/13 292/754/13 296/755/13 295/756/13
f 293/757/7 294/758/7 290/759/7 289/760/7
f 291/761/12 295/762/12 293/763/12 289/764/12
f 296/765/8 292/766/8 290/767/8 294/768/8
f 299/769/13 300/770/13 304/771/13 303/772/13
f 301/773/7 302/774/7 298/775/7 297/776/7
f 299/777/12 303/778/12 301/779/12 297/780/12
f 304/781/8 300/782/8 298/783/8 302/784/8
f 307/785/7 311/786/7 312/787/7 308/788/7
f 309/789/13 305/790/13 306/791/13 310/792/13
f 307/793/12 305/794/12 309/795/12 311/796/12
f 312/797/8 310/798/8 306/799/8 308/800/8
f 315/801/7 319/802/7 320/803/7 316/804/7
f 317/805/13 313/806/13 314/807/13 318/808/13
f 315/809/12 313/810/12 317/811/12 319/812/12
f 320/813/8 318/814/8 314/815/8 316/816/8
f 323/817/7 327/818/7 328/819/7 324/820/7
f 325/821/13 321/822/13 322/823/13 326/824/13
f 323/825/12 321/826/12 325/827/12 327/828/12
f 328/829/8 326/830/8 322/831/8 324/832/8
f 331/833/7 335/834/7 336/835/7 332/836/7
f 333/837/13 329/838/13 330/839/13 334/840/13
f 331/841/12 329/842/12 333/843/12 335/844/12
f 336/845/8 334/846/8 330/847/8 332/848/8
f 339/849/1 340/850/1 344/851/1 343/852/1
f 341/853/14 342/854/14 338/855/14 337/856/14
f 339/857/12 343/858/12 341/859/12 337/860/12
f 344/861/8 340/862/8 338/863/8 342/864/8
f 347/865/1 348/866/1 352/867/1 351/868/1
f 349/869/14 350/870/14 346/871/14 345/872/14
f 347/873/12 351/874/12 349/875/12 345/876/12
f 352/877/8 348/878/8 346/879/8 350/880/8
f 355/881/1 356/882/1 360/883/1 359/884/1
f 357/885/14 358/886/14 354/887/14 353/888/14
f 355/889/12 359/890/12 357/891/12 353/892/12
f 360/893/8 356/894/8 354/895/8 358/896/8
f 363/897/1 364/898/1 368/899/1 367/900/1
f 365/901/14 366/902/14 362/903/14 361/904/14
f 363/905/12 367/906/12 365/907/12 361/908/12
f 368/909/8 364/910/8 362/911/8 366/912/8
f 371/913/14 375/914/14 376/915/14 372/916/14
f 373/917/1 369/918/1 370/919/1 374/920/1
f 371/921/12 369/922/12 373/923/12 375/924/12
f 376/925/8 374/926/8 370/927/8 372/928/8
f 379/929/14 383/930/14 384/931/14 380/932/14
f 381/933/1 377/934/1 378/935/1 382/936/1
f 379/937/12 377/938/12 381/939/12 383/940/12
f 384/941/8 382/942/8 378/943/8 380/944/8
f 387/945/14 391/946/14 392/947/14 388/948/14
f 389/949/1 385/950/1 386/951/1 390/952/1
f 387/953/12 385/954/12 389/955/12 391/956/12
f 392/957/8 390/958/8 386/959/8 388/960/8
f 395/961/14 399/962/14 400/963/14 396/964/14
f 397/965/1 393/966/1 394/967/1 398/968/1
f 395/969/12 393/970/12 397/971/12 399/972/12
f 400/973/8 398/974/8 394/975/8 396/976/8
f 419/977/13 403/978/13 404/979/13 418/980/13
f 402/981/14 414/982/14 418/983/14 404/984/14
f 415/985/7 411/986/7 407/987/7 413/988/7
f 405/989/13 420/990/13 417/991/13 410/992/13
f 448/993/7 444/994/7 408/995/7 412/996/7
f 420/997/12 415/998/12 429/999/12 432/1000/12
f 419/1001/8 418/1002/8 436/1003/8 431/1004/8
f 409/1005/12 406/1006/12 428/1007/12 423/1008/12
f 410/1009/8 407/1010/8 421/1011/8 424/1012/8
f 406/1013/1 442/1014/1 448/1015/1 412/1016/1
f 401/1017/7 416/1018/7 414/1019/7 402/1020/7
f 405/1021/1 411/1022/1 415/1023/1 420/1024/1
f 419/1025/1 416/1026/1 401/1027/1 403/1028/1
f 418/1002/8 414/1029/8 434/1030/8 436/1003/8
f 405/1031/8 410/1009/8 424/1012/8 427/1032/8
f 416/1033/8 419/1001/8 431/1004/8 430/1034/8
f 406/1006/12 412/1035/12 426/1036/12 428/1007/12
f 413/1037/14 407/1038/14 410/1039/14 417/1040/14
f 422/1041/14 423/1042/14 424/1043/14 421/1044/14
f 426/1045/7 422/1046/7 421/1047/7 425/1048/7
f 425/1049/1 427/1050/1 428/1051/1 426/1052/1
f 427/1053/13 424/1054/13 423/1055/13 428/1056/13
f 430/1057/1 431/1058/1 432/1059/1 429/1060/1
f 429/1061/7 433/1062/7 434/1063/7 430/1064/7
f 433/1065/14 435/1066/14 436/1067/14 434/1068/14
f 431/1069/13 436/1070/13 435/1071/13 432/1072/13
f 417/1073/12 420/997/12 432/1000/12 435/1074/12
f 412/1035/12 408/1075/12 422/1076/12 426/1036/12
f 415/998/12 413/1077/12 433/1078/12 429/999/12
f 407/1010/8 411/1079/8 425/1080/8 421/1011/8
f 411/1079/8 405/1031/8 427/1032/8 425/1080/8
f 414/1029/8 416/1033/8 430/1034/8 434/1030/8
f 413/1077/12 417/1073/12 435/1074/12 433/1078/12
f 408/1075/12 409/1005/12 423/1008/12 422/1076/12
f 444/1081/14 445/1082/14 409/1083/14 408/1084/14
f 455/1085/13 454/1086/13 440/1087/13 439/1088/13
f 438/1089/14 440/1090/14 454/1091/14 450/1092/14
f 451/1093/7 449/1094/7 443/1095/7 447/1096/7
f 441/1097/13 446/1098/13 453/1099/13 456/1100/13
f 456/1101/8 468/1102/8 465/1103/8 451/1104/8
f 455/1105/12 467/1106/12 472/1107/12 454/1108/12
f 445/1109/8 459/1110/8 464/1111/8 442/1112/8
f 446/1113/12 460/1114/12 457/1115/12 443/1116/12
f 437/1117/7 438/1118/7 450/1119/7 452/1120/7
f 441/1121/1 456/1122/1 451/1123/1 447/1124/1
f 455/1125/1 439/1126/1 437/1127/1 452/1128/1
f 454/1108/12 472/1107/12 470/1129/12 450/1130/12
f 441/1131/12 463/1132/12 460/1114/12 446/1113/12
f 452/1133/12 466/1134/12 467/1106/12 455/1105/12
f 442/1112/8 464/1111/8 462/1135/8 448/1136/8
f 449/1137/14 453/1138/14 446/1139/14 443/1140/14
f 458/1141/14 457/1142/14 460/1143/14 459/1144/14
f 462/1145/7 461/1146/7 457/1147/7 458/1148/7
f 461/1149/1 462/1150/1 464/1151/1 463/1152/1
f 463/1153/13 464/1154/13 459/1155/13 460/1156/13
f 466/1157/1 465/1158/1 468/1159/1 467/1160/1
f 465/1161/7 466/1162/7 470/1163/7 469/1164/7
f 469/1165/14 470/1166/14 472/1167/14 471/1168/14
f 467/1169/13 468/1170/13 471/1171/13 472/1172/13
f 453/1173/8 471/1174/8 468/1102/8 456/1101/8
f 448/1136/8 462/1135/8 458/1175/8 444/1176/8
f 451/1104/8 465/1103/8 469/1177/8 449/1178/8
f 443/1116/12 457/1115/12 461/1179/12 447/1180/12
f 447/1180/12 461/1179/12 463/1132/12 441/1131/12
f 450/1130/12 470/1129/12 466/1134/12 452/1133/12
f 449/1178/8 469/1177/8 471/1174/8 453/1173/8
f 444/1176/8 458/1175/8 459/1110/8 445/1109/8
f 409/1181/13 445/1182/13 442/1183/13 406/1184/13
f 491/1185/13 490/1186/13 476/1187/13 475/1188/13
f 474/1189/1 476/1190/1 490/1191/1 486/1192/1
f 487/1193/7 485/1194/7 479/1195/7 483/1196/7
f 477/1197/13 482/1198/13 489/1199/13 492/1200/13
f 520/1201/7 484/1202/7 480/1203/7 516/1204/7
f 492/1205/12 504/1206/12 501/1207/12 487/1208/12
f 491/1209/8 503/1210/8 508/1211/8 490/1212/8
f 481/1213/12 495/1214/12 500/1215/12 478/1216/12
f 482/1217/8 496/1218/8 493/1219/8 479/1220/8
f 478/1221/14 484/1222/14 520/1223/14 514/1224/14
f 473/1225/7 474/1226/7 486/1227/7 488/1228/7
f 477/1229/14 492/1230/14 487/1231/14 483/1232/14
f 491/1233/14 475/1234/14 473/1235/14 488/1236/14
f 490/1212/8 508/1211/8 506/1237/8 486/1238/8
f 477/1239/8 499/1240/8 496/1218/8 482/1217/8
f 488/1241/8 502/1242/8 503/1210/8 491/1209/8
f 478/1216/12 500/1215/12 498/1243/12 484/1244/12
f 485/1245/1 489/1246/1 482/1247/1 479/1248/1
f 494/1249/1 493/1250/1 496/1251/1 495/1252/1
f 498/1253/7 497/1254/7 493/1255/7 494/1256/7
f 497/1257/14 498/1258/14 500/1259/14 499/1260/14
f 499/1261/13 500/1262/13 495/1263/13 496/1264/13
f 502/1265/14 501/1266/14 504/1267/14 503/1268/14
f 501/1269/7 502/1270/7 506/1271/7 505/1272/7
f 505/1273/1 506/1274/1 508/1275/1 507/1276/1
f 503/1277/13 504/1278/13 507/1279/13 508/1280/13
f 489/1281/12 507/1282/12 504/1206/12 492/1205/12
f 484/1244/12 498/1243/12 494/1283/12 480/1284/12
f 487/1208/12 501/1207/12 505/1285/12 485/1286/12
f 479/1220/8 493/1219/8 497/1287/8 483/1288/8
f 483/1288/8 497/1287/8 499/1240/8 477/1239/8
f 486/1238/8 506/1237/8 502/1242/8 488/1241/8
f 485/1286/12 505/1285/12 507/1282/12 489/1281/12
f 480/1284/12 494/1283/12 495/1214/12 481/1213/12
f 516/1289/1 480/1290/1 481/1291/1 517/1292/1
f 527/1293/13 511/1294/13 512/1295/13 526/1296/13
f 510/1297/1 522/1298/1 526/1299/1 512/1300/1
f 523/1301/7 519/1302/7 515/1303/7 521/1304/7
f 513/1305/13 528/1306/13 525/1307/13 518/1308/13
f 528/1309/8 523/1310/8 537/1311/8 540/1312/8
f 527/1313/12 526/1314/12 544/1315/12 539/1316/12
f 517/1317/8 514/1318/8 536/1319/8 531/1320/8
f 518/1321/12 515/1322/12 529/1323/12 532/1324/12
f 509/1325/7 524/1326/7 522/1327/7 510/1328/7
f 513/1329/14 519/1330/14 523/1331/14 528/1332/14
f 527/1333/14 524/1334/14 509/1335/14 511/1336/14
f 526/1314/12 522/1337/12 542/1338/12 544/1315/12
f 513/1339/12 518/1321/12 532/1324/12 535/1340/12
f 524/1341/12 527/1313/12 539/1316/12 538/1342/12
f 514/1318/8 520/1343/8 534/1344/8 536/1319/8
f 521/1345/1 515/1346/1 518/1347/1 525/1348/1
f 530/1349/1 531/1350/1 532/1351/1 529/1352/1
f 534/1353/7 530/1354/7 529/1355/7 533/1356/7
f 533/1357/14 535/1358/14 536/1359/14 534/1360/14
f 535/1361/13 532/1362/13 531/1363/13 536/1364/13
f 538/1365/14 539/1366/14 540/1367/14 537/1368/14
f 537/1369/7 541/1370/7 542/1371/7 538/1372/7
f 541/1373/1 543/1374/1 544/1375/1 542/1376/1
f 539/1377/13 544/1378/13 543/1379/13 540/1380/13
f 525/1381/8 528/1309/8 540/1312/8 543/1382/8
f 520/1343/8 516/1383/8 530/1384/8 534/1344/8
f 523/1310/8 521/1385/8 541/1386/8 537/1311/8
f 515/1322/12 519/1387/12 533/1388/12 529/1323/12
f 519/1387/12 513/1339/12 535/1340/12 533/1388/12
f 522/1337/12 524/1341/12 538/1342/12 542/1338/12
f 521/1385/8 525/1381/8 543/1382/8 541/1386/8
f 516/1383/8 517/1317/8 531/1320/8 530/1384/8
f 481/1389/13 478/1390/13 514/1391/13 517/1392/13
f 563/1393/7 562/1394/7 548/1395/7 547/1396/7
f 546/1397/14 548/1398/14 562/1399/14 558/1400/14
f 559/1401/13 557/1402/13 551/1403/13 555/1404/13
f 549/1405/7 554/1406/7 561/1407/7 564/1408/7
f 592/1409/13 556/1410/13 552/1411/13 588/1412/13
f 564/1413/12 576/1414/12 573/1415/12 559/1416/12
f 563/1417/8 575/1418/8 580/1419/8 562/1420/8
f 553/1421/12 567/1422/12 572/1423/12 550/1424/12
f 554/1425/8 568/1426/8 565/1427/8 551/1428/8
f 550/1429/1 556/1430/1 592/1431/1 586/1432/1
f 545/1433/13 546/1434/13 558/1435/13 560/1436/13
f 549/1437/1 564/1438/1 559/1439/1 555/1440/1
f 563/1441/1 547/1442/1 545/1443/1 560/1444/1
f 562/1420/8 580/1419/8 578/1445/8 558/1446/8
f 549/1447/8 571/1448/8 568/1426/8 554/1425/8
f 560/1449/8 574/1450/8 575/1418/8 563/1417/8
f 550/1424/12 572/1423/12 570/1451/12 556/1452/12
f 557/1453/14 561/1454/14 554/1455/14 551/1456/14
f 566/1457/14 565/1458/14 568/1459/14 567/1460/14
f 570/1461/13 569/1462/13 565/1463/13 566/1464/13
f 569/1465/1 570/1466/1 572/1467/1 571/1468/1
f 571/1469/7 572/1470/7 567/1471/7 568/1472/7
f 574/1473/1 573/1474/1 576/1475/1 575/1476/1
f 573/1477/13 574/1478/13 578/1479/13 577/1480/13
f 577/1481/14 578/1482/14 580/1483/14 579/1484/14
f 575/1485/7 576/1486/7 579/1487/7 580/1488/7
f 561/1489/12 579/1490/12 576/1414/12 564/1413/12
f 556/1452/12 570/1451/12 566/1491/12 552/1492/12
f 559/1416/12 573/1415/12 577/1493/12 557/1494/12
f 551/1428/8 565/1427/8 569/1495/8 555/1496/8
f 555/1496/8 569/1495/8 571/1448/8 549/1447/8
f 558/1446/8 578/1445/8 574/1450/8 560/1449/8
f 557/1494/12 577/1493/12 579/1490/12 561/1489/12
f 552/1492/12 566/1491/12 567/1422/12 553/1421/12
f 588/1497/14 552/1498/14 553/1499/14 589/1500/14
f 599/1501/7 583/1502/7 584/1503/7 598/1504/7
f 582/1505/14 594/1506/14 598/1507/14 584/1508/14
f 595/1509/13 591/1510/13 587/1511/13 593/1512/13
f 585/1513/7 600/1514/7 597/1515/7 590/1516/7
f 600/1517/8 595/1518/8 609/1519/8 612/1520/8
f 599/1521/12 598/1522/12 616/1523/12 611/1524/12
f 589/1525/8 586/1526/8 608/1527/8 603/1528/8
f 590/1529/12 587/1530/12 601/1531/12 604/1532/12
f 581/1533/13 596/1534/13 594/1535/13 582/1536/13
f 585/1537/1 591/1538/1 595/1539/1 600/1540/1
f 599/1541/1 596/1542/1 581/1543/1 583/1544/1
f 598/1522/12 594/1545/12 614/1546/12 616/1523/12
f 585/1547/12 590/1529/12 604/1532/12 607/1548/12
f 596/1549/12 599/1521/12 611/1524/12 610/1550/12
f 586/1526/8 592/1551/8 606/1552/8 608/1527/8
f 593/1553/14 587/1554/14 590/1555/14 597/1556/14
f 602/1557/14 603/1558/14 604/1559/14 601/1560/14
f 606/1561/13 602/1562/13 601/1563/13 605/1564/13
f 605/1565/1 607/1566/1 608/1567/1 606/1568/1
f 607/1569/7 604/1570/7 603/1571/7 608/1572/7
f 610/1573/1 611/1574/1 612/1575/1 609/1576/1
f 609/1577/13 613/1578/13 614/1579/13 610/1580/13
f 613/1581/14 615/1582/14 616/1583/14 614/1584/14
f 611/1585/7 616/1586/7 615/1587/7 612/1588/7
f 597/1589/8 600/1517/8 612/1520/8 615/1590/8
f 592/1551/8 588/1591/8 602/1592/8 606/1552/8
f 595/1518/8 593/1593/8 613/1594/8 609/1519/8
f 587/1530/12 591/1595/12 605/1596/12 601/1531/12
f 591/1595/12 585/1547/12 607/1548/12 605/1596/12
f 594/1545/12 596/1549/12 610/1550/12 614/1546/12
f 593/1593/8 597/1589/8 615/1590/8 613/1594/8
f 588/1591/8 589/1525/8 603/1528/8 602/1592/8
f 553/1597/7 550/1598/7 586/1599/7 589/1600/7
f 635/1601/7 619/1602/7 620/1603/7 634/1604/7
f 618/1605/1 630/1606/1 634/1607/1 620/1608/1
f 631/1609/13 627/1610/13 623/1611/13 629/1612/13
f 621/1613/7 636/1614/7 633/1615/7 626/1616/7
f 664/1617/13 660/1618/13 624/1619/13 628/1620/13
f 636/1621/12 631/1622/12 645/1623/12 648/1624/12
f 635/1625/8 634/1626/8 652/1627/8 647/1628/8
f 625/1629/12 622/1630/12 644/1631/12 639/1632/12
f 626/1633/8 623/1634/8 637/1635/8 640/1636/8
f 622/1637/14 658/1638/14 664/1639/14 628/1640/14
f 617/1641/13 632/1642/13 630/1643/13 618/1644/13
f 621/1645/14 627/1646/14 631/1647/14 636/1648/14
f 635/1649/14 632/1650/14 617/1651/14 619/1652/14
f 634/1626/8 630/1653/8 650/1654/8 652/1627/8
f 621/1655/8 626/1633/8 640/1636/8 643/1656/8
f 632/1657/8 635/1625/8 647/1628/8 646/1658/8
f 622/1630/12 628/1659/12 642/1660/12 644/1631/12
f 629/1661/1 623/1662/1 626/1663/1 633/1664/1
f 638/1665/1 639/1666/1 640/1667/1 637/1668/1
f 642/1669/13 638/1670/13 637/1671/13 641/1672/13
f 641/1673/14 643/1674/14 644/1675/14 642/1676/14
f 643/1677/7 640/1678/7 639/1679/7 644/1680/7
f 646/1681/14 647/1682/14 648/1683/14 645/1684/14
f 645/1685/13 649/1686/13 650/1687/13 646/1688/13
f 649/1689/1 651/1690/1 652/1691/1 650/1692/1
f 647/1693/7 652/1694/7 651/1695/7 648/1696/7
f 633/1697/12 636/1621/12 648/1624/12 651/1698/12
f 628/1659/12 624/1699/12 638/1700/12 642/1660/12
f 631/1622/12 629/1701/12 649/1702/12 645/1623/12
f 623/1634/8 627/1703/8 641/1704/8 637/1635/8
f 627/1703/8 621/1655/8 643/1656/8 641/1704/8
f 630/1653/8 632/1657/8 646/1658/8 650/1654/8
f 629/1701/12 633/1697/12 651/1698/12 649/1702/12
f 624/1699/12 625/1629/12 639/1632/12 638/1700/12
f 660/1705/1 661/1706/1 625/1707/1 624/1708/1
f 671/1709/7 670/1710/7 656/1711/7 655/1712/7
f 654/1713/1 656/1714/1 670/1715/1 666/1716/1
f 667/1717/13 665/1718/13 659/1719/13 663/1720/13
f 657/1721/7 662/1722/7 669/1723/7 672/1724/7
f 672/1725/8 684/1726/8 681/1727/8 667/1728/8
f 671/1729/12 683/1730/12 688/1731/12 670/1732/12
f 661/1733/8 675/1734/8 680/1735/8 658/1736/8
f 662/1737/12 676/1738/12 673/1739/12 659/1740/12
f 653/1741/13 654/1742/13 666/1743/13 668/1744/13
f 657/1745/14 672/1746/14 667/1747/14 663/1748/14
f 671/1749/14 655/1750/14 653/1751/14 668/1752/14
f 670/1732/12 688/1731/12 686/1753/12 666/1754/12
f 657/1755/12 679/1756/12 676/1738/12 662/1737/12
f 668/1757/12 682/1758/12 683/1730/12 671/1729/12
f 658/1736/8 680/1735/8 678/1759/8 664/1760/8
f 665/1761/1 669/1762/1 662/1763/1 659/1764/1
f 674/1765/1 673/1766/1 676/1767/1 675/1768/1
f 678/1769/13 677/1770/13 673/1771/13 674/1772/13
f 677/1773/14 678/1774/14 680/1775/14 679/1776/14
f 679/1777/7 680/1778/7 675/1779/7 676/1780/7
f 682/1781/14 681/1782/14 684/1783/14 683/1784/14
f 681/1785/13 682/1786/13 686/1787/13 685/1788/13
f 685/1789/1 686/1790/1 688/1791/1 687/1792/1
f 683/1793/7 684/1794/7 687/1795/7 688/1796/7
f 669/1797/8 687/1798/8 684/1726/8 672/1725/8
f 664/1760/8 678/1759/8 674/1799/8 660/1800/8
f 667/1728/8 681/1727/8 685/1801/8 665/1802/8
f 659/1740/12 673/1739/12 677/1803/12 663/1804/12
f 663/1804/12 677/1803/12 679/1756/12 657/1755/12
f 666/1754/12 686/1753/12 682/1758/12 668/1757/12
f 665/1802/8 685/1801/8 687/1798/8 669/1797/8
f 660/1800/8 674/1799/8 675/1734/8 661/1733/8
f 625/1805/7 661/1806/7 658/1807/7 622/1808/7
f 707/1809/1 691/1810/1 692/1811/1 706/1812/1
f 690/1813/13 702/1814/13 706/1815/13 692/1816/13
f 703/1817/14 699/1818/14 695/1819/14 701/1820/14
f 693/1821/1 708/1822/1 705/1823/1 698/1824/1
f 736/1825/14 732/1826/14 696/1827/14 700/1828/14
f 708/1829/12 703/1830/12 717/1831/12 720/1832/12
f 707/1833/8 706/1834/8 724/1835/8 719/1836/8
f 697/1837/12 694/1838/12 716/1839/12 711/1840/12
f 698/1841/8 695/1842/8 709/1843/8 712/1844/8
f 694/1845/7 730/1846/7 736/1847/7 700/1848/7
f 689/1849/14 704/1850/14 702/1851/14 690/1852/14
f 693/1853/7 699/1854/7 703/1855/7 708/1856/7
f 707/1857/7 704/1858/7 689/1859/7 691/1860/7
f 706/1834/8 702/1861/8 722/1862/8 724/1835/8
f 693/1863/8 698/1841/8 712/1844/8 715/1864/8
f 704/1865/8 707/1833/8 719/1836/8 718/1866/8
f 694/1838/12 700/1867/12 714/1868/12 716/1839/12
f 701/1869/13 695/1870/13 698/1871/13 705/1872/13
f 710/1873/13 711/1874/13 712/1875/13 709/1876/13
f 714/1877/14 710/1878/14 709/1879/14 713/1880/14
f 713/1881/7 715/1882/7 716/1883/7 714/1884/7
f 715/1885/1 712/1886/1 711/1887/1 716/1888/1
f 718/1889/7 719/1890/7 720/1891/7 717/1892/7
f 717/1893/14 721/1894/14 722/1895/14 718/1896/14
f 721/1897/13 723/1898/13 724/1899/13 722/1900/13
f 719/1901/1 724/1902/1 723/1903/1 720/1904/1
f 705/1905/12 708/1829/12 720/1832/12 723/1906/12
f 700/1867/12 696/1907/12 710/1908/12 714/1868/12
f 703/1830/12 701/1909/12 721/1910/12 717/1831/12
f 695/1842/8 699/1911/8 713/1912/8 709/1843/8
f 699/1911/8 693/1863/8 715/1864/8 713/1912/8
f 702/1861/8 704/1865/8 718/1866/8 722/1862/8
f 701/1909/12 705/1905/12 723/1906/12 721/1910/12
f 696/1907/12 697/1837/12 711/1840/12 710/1908/12
f 732/1913/13 733/1914/13 697/1915/13 696/1916/13
f 743/1917/1 742/1918/1 728/1919/1 727/1920/1
f 726/1921/13 728/1922/13 742/1923/13 738/1924/13
f 739/1925/14 737/1926/14 731/1927/14 735/1928/14
f 729/1929/1 734/1930/1 741/1931/1 744/1932/1
f 744/1933/8 756/1934/8 753/1935/8 739/1936/8
f 743/1937/12 755/1938/12 760/1939/12 742/1940/12
f 733/1941/8 747/1942/8 752/1943/8 730/1944/8
f 734/1945/12 748/1946/12 745/1947/12 731/1948/12
f 725/1949/14 726/1950/14 738/1951/14 740/1952/14
f 729/1953/7 744/1954/7 739/1955/7 735/1956/7
f 743/1957/7 727/1958/7 725/1959/7 740/1960/7
f 742/1940/12 760/1939/12 758/1961/12 738/1962/12
f 729/1963/12 751/1964/12 748/1946/12 734/1945/12
f 740/1965/12 754/1966/12 755/1938/12 743/1937/12
f 730/1944/8 752/1943/8 750/1967/8 736/1968/8
f 737/1969/13 741/1970/13 734/1971/13 731/1972/13
f 746/1973/13 745/1974/13 748/1975/13 747/1976/13
f 750/1977/14 749/1978/14 745/1979/14 746/1980/14
f 749/1981/7 750/1982/7 752/1983/7 751/1984/7
f 751/1985/1 752/1986/1 747/1987/1 748/1988/1
f 754/1989/7 753/1990/7 756/1991/7 755/1992/7
f 753/1993/14 754/1994/14 758/1995/14 757/1996/14
f 757/1997/13 758/1998/13 760/1999/13 759/2000/13
f 755/2001/1 756/2002/1 759/2003/1 760/2004/1
f 741/2005/8 759/2006/8 756/1934/8 744/1933/8
f 736/1968/8 750/1967/8 746/2007/8 732/2008/8
f 739/1936/8 753/1935/8 757/2009/8 737/2010/8
f 731/1948/12 745/1947/12 749/2011/12 735/2012/12
f 735/2012/12 749/2011/12 751/1964/12 729/1963/12
f 738/1962/12 758/1961/12 754/1966/12 740/1965/12
f 737/2010/8 757/2009/8 759/2006/8 741/2005/8
f 732/2008/8 746/2007/8 747/1942/8 733/1941/8
f 697/2013/1 733/2014/1 730/2015/1 694/2016/1
f 779/2017/1 778/2018/1 764/2019/1 763/2020/1
f 762/2021/7 764/2022/7 778/2023/7 774/2024/7
f 775/2025/14 773/2026/14 767/2027/14 771/2028/14
f 765/2029/1 770/2030/1 777/2031/1 780/2032/1
f 808/2033/14 772/2034/14 768/2035/14 804/2036/14
f 780/2037/12 792/2038/12 789/2039/12 775/2040/12
f 779/2041/8 791/2042/8 796/2043/8 778/2044/8
f 769/2045/12 783/2046/12 788/2047/12 766/2048/12
f 770/2049/8 784/2050/8 781/2051/8 767/2052/8
f 766/2053/13 772/2054/13 808/2055/13 802/2056/13
f 761/2057/14 762/2058/14 774/2059/14 776/2060/14
f 765/2061/13 780/2062/13 775/2063/13 771/2064/13
f 779/2065/13 763/2066/13 761/2067/13 776/2068/13
f 778/2044/8 796/2043/8 794/2069/8 774/2070/8
f 765/2071/8 787/2072/8 784/2050/8 770/2049/8
f 776/2073/8 790/2074/8 791/2042/8 779/2041/8
f 766/2048/12 788/2047/12 786/2075/12 772/2076/12
f 773/2077/7 777/2078/7 770/2079/7 767/2080/7
f 782/2081/7 781/2082/7 784/2083/7 783/2084/7
f 786/2085/14 785/2086/14 781/2087/14 782/2088/14
f 785/2089/13 786/2090/13 788/2091/13 787/2092/13
f 787/2093/1 788/2094/1 783/2095/1 784/2096/1
f 790/2097/13 789/2098/13 792/2099/13 791/2100/13
f 789/2101/14 790/2102/14 794/2103/14 793/2104/14
f 793/2105/7 794/2106/7 796/2107/7 795/2108/7
f 791/2109/1 792/2110/1 795/2111/1 796/2112/1
f 777/2113/12 795/2114/12 792/2038/12 780/2037/12
f 772/2076/12 786/2075/12 782/2115/12 768/2116/12
f 775/2040/12 789/2039/12 793/2117/12 773/2118/12
f 767/2052/8 781/2051/8 785/2119/8 771/2120/8
f 771/2120/8 785/2119/8 787/2072/8 765/2071/8
f 774/2070/8 794/2069/8 790/2074/8 776/2073/8
f 773/2118/12 793/2117/12 795/2114/12 777/2113/12
f 768/2116/12 782/2115/12 783/2046/12 769/2045/12
f 804/2121/7 768/2122/7 769/2123/7 805/2124/7
f 815/2125/1 799/2126/1 800/2127/1 814/2128/1
f 798/2129/7 810/2130/7 814/2131/7 800/2132/7
f 811/2133/14 807/2134/14 803/2135/14 809/2136/14
f 801/2137/1 816/2138/1 813/2139/1 806/2140/1
f 816/2141/8 811/2142/8 825/2143/8 828/2144/8
f 815/2145/12 814/2146/12 832/2147/12 827/2148/12
f 805/2149/8 802/2150/8 824/2151/8 819/2152/8
f 806/2153/12 803/2154/12 817/2155/12 820/2156/12
f 797/2157/14 812/2158/14 810/2159/14 798/2160/14
f 801/2161/13 807/2162/13 811/2163/13 816/2164/13
f 815/2165/13 812/2166/13 797/2167/13 799/2168/13
f 814/2146/12 810/2169/12 830/2170/12 832/2147/12
f 801/2171/12 806/2153/12 820/2156/12 823/2172/12
f 812/2173/12 815/2145/12 827/2148/12 826/2174/12
f 802/2150/8 808/2175/8 822/2176/8 824/2151/8
f 809/2177/7 803/2178/7 806/2179/7 813/2180/7
f 818/2181/7 819/2182/7 820/2183/7 817/2184/7
f 822/2185/14 818/2186/14 817/2187/14 821/2188/14
f 821/2189/13 823/2190/13 824/2191/13 822/2192/13
f 823/2193/1 820/2194/1 819/2195/1 824/2196/1
f 826/2197/13 827/2198/13 828/2199/13 825/2200/13
f 825/2201/14 829/2202/14 830/2203/14 826/2204/14
f 829/2205/7 831/2206/7 832/2207/7 830/2208/7
f 827/2209/1 832/2210/1 831/2211/1 828/2212/1
f 813/2213/8 816/2141/8 828/2144/8 831/2214/8
f 808/2175/8 804/2215/8 818/2216/8 822/2176/8
f 811/2142/8 809/2217/8 829/2218/8 825/2143/8
f 803/2154/12 807/2219/12 821/2220/12 817/2155/12
f 807/2219/12 801/2171/12 823/2172/12 821/2220/12
f 810/2169/12 812/2173/12 826/2174/12 830/2170/12
f 809/2217/8 813/2213/8 831/2214/8 829/2218/8
f 804/2215/8 805/2149/8 819/2152/8 818/2216/8
f 769/2221/1 766/2222/1 802/2223/1 805/2224/1
f 851/2225/14 850/2226/14 836/2227/14 835/2228/14
f 834/2229/13 836/2230/13 850/2231/13 846/2232/13
f 847/2233/1 845/2234/1 839/2235/1 843/2236/1
f 837/2237/14 842/2238/14 849/2239/14 852/2240/14
f 880/2241/1 844/2242/1 840/2243/1 876/2244/1
f 852/2245/12 864/2246/12 861/2247/12 847/2248/12
f 851/2249/8 863/2250/8 868/2251/8 850/2252/8
f 841/2253/12 855/2254/12 860/2255/12 838/2256/12
f 842/2257/8 856/2258/8 853/2259/8 839/2260/8
f 838/2261/7 844/2262/7 880/2263/7 874/2264/7
f 833/2265/1 834/2266/1 846/2267/1 848/2268/1
f 837/2269/7 852/2270/7 847/2271/7 843/2272/7
f 851/2273/7 835/2274/7 833/2275/7 848/2276/7
f 850/2252/8 868/2251/8 866/2277/8 846/2278/8
f 837/2279/8 859/2280/8 856/2258/8 842/2257/8
f 848/2281/8 862/2282/8 863/2250/8 851/2249/8
f 838/2256/12 860/2255/12 858/2283/12 844/2284/12
f 845/2285/13 849/2286/13 842/2287/13 839/2288/13
f 854/2289/13 853/2290/13 856/2291/13 855/2292/13
f 858/2293/1 857/2294/1 853/2295/1 854/2296/1
f 857/2297/7 858/2298/7 860/2299/7 859/2300/7
f 859/2301/14 860/2302/14 855/2303/14 856/2304/14
f 862/2305/7 861/2306/7 864/2307/7 863/2308/7
f 861/2309/1 862/2310/1 866/2311/1 865/2312/1
f 865/2313/13 866/2314/13 868/2315/13 867/2316/13
f 863/2317/14 864/2318/14 867/2319/14 868/2320/14
f 849/2321/12 867/2322/12 864/2246/12 852/2245/12
f 844/2284/12 858/2283/12 854/2323/12 840/2324/12
f 847/2248/12 861/2247/12 865/2325/12 845/2326/12
f 839/2260/8 853/2259/8 857/2327/8 843/2328/8
f 843/2328/8 857/2327/8 859/2280/8 837/2279/8
f 846/2278/8 866/2277/8 862/2282/8 848/2281/8
f 845/2326/12 865/2325/12 867/2322/12 849/2321/12
f 840/2324/12 854/2323/12 855/2254/12 841/2253/12
f 876/2329/13 840/2330/13 841/2331/13 877/2332/13
f 887/2333/14 871/2334/14 872/2335/14 886/2336/14
f 870/2337/13 882/2338/13 886/2339/13 872/2340/13
f 883/2341/1 879/2342/1 875/2343/1 881/2344/1
f 873/2345/14 888/2346/14 885/2347/14 878/2348/14
f 888/2349/8 883/2350/8 897/2351/8 900/2352/8
f 887/2353/12 886/2354/12 904/2355/12 899/2356/12
f 877/2357/8 874/2358/8 896/2359/8 891/2360/8
f 878/2361/12 875/2362/12 889/2363/12 892/2364/12
f 869/2365/1 884/2366/1 882/2367/1 870/2368/1
f 873/2369/7 879/2370/7 883/2371/7 888/2372/7
f 887/2373/7 884/2374/7 869/2375/7 871/2376/7
f 886/2354/12 882/2377/12 902/2378/12 904/2355/12
f 873/2379/12 878/2361/12 892/2364/12 895/2380/12
f 884/2381/12 887/2353/12 899/2356/12 898/2382/12
f 874/2358/8 880/2383/8 894/2384/8 896/2359/8
f 881/2385/13 875/2386/13 878/2387/13 885/2388/13
f 890/2389/13 891/2390/13 892/2391/13 889/2392/13
f 894/2393/1 890/2394/1 889/2395/1 893/2396/1
f 893/2397/7 895/2398/7 896/2399/7 894/2400/7
f 895/2401/14 892/2402/14 891/2403/14 896/2404/14
f 898/2405/7 899/2406/7 900/2407/7 897/2408/7
f 897/2409/1 901/2410/1 902/2411/1 898/2412/1
f 901/2413/13 903/2414/13 904/2415/13 902/2416/13
f 899/2417/14 904/2418/14 903/2419/14 900/2420/14
f 885/2421/8 888/2349/8 900/2352/8 903/2422/8
f 880/2383/8 876/2423/8 890/2424/8 894/2384/8
f 883/2350/8 881/2425/8 901/2426/8 897/2351/8
f 875/2362/12 879/2427/12 893/2428/12 889/2363/12
f 879/2427/12 873/2379/12 895/2380/12 893/2428/12
f 882/2377/12 884/2381/12 898/2382/12 902/2378/12
f 881/2425/8 885/2421/8 903/2422/8 901/2426/8
f 876/2423/8 877/2357/8 891/2360/8 890/2424/8
f 841/2429/14 838/2430/14 874/2431/14 877/2432/14
f 923/2433/14 907/2434/14 908/2435/14 922/2436/14
f 906/2437/7 918/2438/7 922/2439/7 908/2440/7
f 919/2441/1 915/2442/1 911/2443/1 917/2444/1
f 909/2445/14 924/2446/14 921/2447/14 914/2448/14
f 952/2449/1 948/2450/1 912/2451/1 916/2452/1
f 924/2453/12 919/2454/12 933/2455/12 936/2456/12
f 923/2457/8 922/2458/8 940/2459/8 935/2460/8
f 913/2461/12 910/2462/12 932/2463/12 927/2464/12
f 914/2465/8 911/2466/8 925/2467/8 928/2468/8
f 910/2469/13 946/2470/13 952/2471/13 916/2472/13
f 905/2473/1 920/2474/1 918/2475/1 906/2476/1
f 909/2477/13 915/2478/13 919/2479/13 924/2480/13
f 923/2481/13 920/2482/13 905/2483/13 907/2484/13
f 922/2458/8 918/2485/8 938/2486/8 940/2459/8
f 909/2487/8 914/2465/8 928/2468/8 931/2488/8
f 920/2489/8 923/2457/8 935/2460/8 934/2490/8
f 910/2462/12 916/2491/12 930/2492/12 932/2463/12
f 917/2493/7 911/2494/7 914/2495/7 921/2496/7
f 926/2497/7 927/2498/7 928/2499/7 925/2500/7
f 930/2501/1 926/2502/1 925/2503/1 929/2504/1
f 929/2505/13 931/2506/13 932/2507/13 930/2508/13
f 931/2509/14 928/2510/14 927/2511/14 932/2512/14
f 934/2513/13 935/2514/13 936/2515/13 933/2516/13
f 933/2517/1 937/2518/1 938/2519/1 934/2520/1
f 937/2521/7 939/2522/7 940/2523/7 938/2524/7
f 935/2525/14 940/2526/14 939/2527/14 936/2528/14
f 921/2529/12 924/2453/12 936/2456/12 939/2530/12
f 916/2491/12 912/2531/12 926/2532/12 930/2492/12
f 919/2454/12 917/2533/12 937/2534/12 933/2455/12
f 911/2466/8 915/2535/8 929/2536/8 925/2467/8
f 915/2535/8 909/2487/8 931/2488/8 929/2536/8
f 918/2485/8 920/2489/8 934/2490/8 938/2486/8
f 917/2533/12 921/2529/12 939/2530/12 937/2534/12
f 912/2531/12 913/2461/12 927/2464/12 926/2532/12
f 948/2537/7 949/2538/7 913/2539/7 912/2540/7
f 959/2541/14 958/2542/14 944/2543/14 943/2544/14
f 942/2545/7 944/2546/7 958/2547/7 954/2548/7
f 955/2549/1 953/2550/1 947/2551/1 951/2552/1
f 945/2553/14 950/2554/14 957/2555/14 960/2556/14
f 960/2557/8 972/2558/8 969/2559/8 955/2560/8
f 959/2561/12 971/2562/12 976/2563/12 958/2564/12
f 949/2565/8 963/2566/8 968/2567/8 946/2568/8
f 950/2569/12 964/2570/12 961/2571/12 947/2572/12
f 941/2573/1 942/2574/1 954/2575/1 956/2576/1
f 945/2577/13 960/2578/13 955/2579/13 951/2580/13
f 959/2581/13 943/2582/13 941/2583/13 956/2584/13
f 958/2564/12 976/2563/12 974/2585/12 954/2586/12
f 945/2587/12 967/2588/12 964/2570/12 950/2569/12
f 956/2589/12 970/2590/12 971/2562/12 959/2561/12
f 946/2568/8 968/2567/8 966/2591/8 952/2592/8
f 953/2593/7 957/2594/7 950/2595/7 947/2596/7
f 962/2597/7 961/2598/7 964/2599/7 963/2600/7
f 966/2601/1 965/2602/1 961/2603/1 962/2604/1
f 965/2605/13 966/2606/13 968/2607/13 967/2608/13
f 967/2609/14 968/2610/14 963/2611/14 964/2612/14
f 970/2613/13 969/2614/13 972/2615/13 971/2616/13
f 969/2617/1 970/2618/1 974/2619/1 973/2620/1
f 973/2621/7 974/2622/7 976/2623/7 975/2624/7
f 971/2625/14 972/2626/14 975/2627/14 976/2628/14
f 957/2629/8 975/2630/8 972/2558/8 960/2557/8
f 952/2592/8 966/2591/8 962/2631/8 948/2632/8
f 955/2560/8 969/2559/8 973/2633/8 953/2634/8
f 947/2572/12 961/2571/12 965/2635/12 951/2636/12
f 951/2636/12 965/2635/12 967/2588/12 945/2587/12
f 954/2586/12 974/2585/12 970/2590/12 956/2589/12
f 953/2634/8 973/2633/8 975/2630/8 957/2629/8
f 948/2632/8 962/2631/8 963/2566/8 949/2565/8
f 913/2637/14 949/2638/14 946/2639/14 910/2640/14
f 987/2641/8 979/2642/8 980/2643/8 986/2644/8
f 978/2645/14 982/2646/14 986/2647/14 980/2648/14
f 988/2649/1 1028/2650/1 1023/2651/1 983/2652/1
f 1041/2653/1 1001/2654/1 1005/2655/1 1045/2656/1
f 988/2657/13 983/2658/13 989/2659/13 992/2660/13
f 987/2661/7 986/2662/7 996/2663/7 991/2664/7
f 977/2665/12 984/2666/12 982/2667/12 978/2668/12
f 985/2669/8 1025/2670/8 1028/2671/8 988/2672/8
f 987/2673/1 984/2674/1 977/2675/1 979/2676/1
f 986/2662/7 982/2677/7 994/2678/7 996/2663/7
f 984/2679/7 987/2661/7 991/2664/7 990/2680/7
f 1023/2681/12 1021/2682/12 981/2683/12 983/2684/12
f 990/2685/1 991/2686/1 992/2687/1 989/2688/1
f 989/2689/12 993/2690/12 994/2691/12 990/2692/12
f 993/2693/14 995/2694/14 996/2695/14 994/2696/14
f 991/2697/8 996/2698/8 995/2699/8 992/2700/8
f 985/2701/13 988/2657/13 992/2660/13 995/2702/13
f 983/2658/13 981/2703/13 993/2704/13 989/2659/13
f 982/2677/7 984/2679/7 990/2680/7 994/2678/7
f 981/2703/13 985/2701/13 995/2702/13 993/2704/13
f 1007/2705/8 1006/2706/8 1000/2707/8 999/2708/8
f 998/2709/1 1000/2710/1 1006/2711/1 1002/2712/1
f 1003/2713/14 1043/2714/14 1048/2715/14 1008/2716/14
f 1008/2717/13 1012/2718/13 1009/2719/13 1003/2720/13
f 1007/2721/7 1011/2722/7 1016/2723/7 1006/2724/7
f 997/2725/12 998/2726/12 1002/2727/12 1004/2728/12
f 1008/2729/8 1048/2730/8 1045/2731/8 1005/2732/8
f 1007/2733/14 999/2734/14 997/2735/14 1004/2736/14
f 1006/2724/7 1016/2723/7 1014/2737/7 1002/2738/7
f 1004/2739/7 1010/2740/7 1011/2722/7 1007/2721/7
f 1043/2741/12 1003/2742/12 1001/2743/12 1041/2744/12
f 1010/2745/14 1009/2746/14 1012/2747/14 1011/2748/14
f 1009/2749/12 1010/2750/12 1014/2751/12 1013/2752/12
f 1013/2753/1 1014/2754/1 1016/2755/1 1015/2756/1
f 1011/2757/8 1012/2758/8 1015/2759/8 1016/2760/8
f 1005/2761/13 1015/2762/13 1012/2718/13 1008/2717/13
f 1003/2720/13 1009/2719/13 1013/2763/13 1001/2764/13
f 1002/2738/7 1014/2737/7 1010/2740/7 1004/2739/7
f 1001/2764/13 1013/2763/13 1015/2762/13 1005/2761/13
f 1027/2765/8 1026/2766/8 1020/2767/8 1019/2768/8
f 1018/2769/14 1020/2770/14 1026/2771/14 1022/2772/14
f 1028/2773/7 1032/2774/7 1029/2775/7 1023/2776/7
f 1027/2777/13 1031/2778/13 1036/2779/13 1026/2780/13
f 1017/2781/12 1018/2782/12 1022/2783/12 1024/2784/12
f 1027/2785/1 1019/2786/1 1017/2787/1 1024/2788/1
f 1026/2780/13 1036/2779/13 1034/2789/13 1022/2790/13
f 1024/2791/13 1030/2792/13 1031/2778/13 1027/2777/13
f 1030/2793/1 1029/2794/1 1032/2795/1 1031/2796/1
f 1029/2797/12 1030/2798/12 1034/2799/12 1033/2800/12
f 1033/2801/14 1034/2802/14 1036/2803/14 1035/2804/14
f 1031/2805/8 1032/2806/8 1035/2807/8 1036/2808/8
f 1025/2809/7 1035/2810/7 1032/2774/7 1028/2773/7
f 1023/2776/7 1029/2775/7 1033/2811/7 1021/2812/7
f 1022/2790/13 1034/2789/13 1030/2792/13 1024/2791/13
f 1021/2812/7 1033/2811/7 1035/2810/7 1025/2809/7
f 1047/2813/8 1039/2814/8 1040/2815/8 1046/2816/8
f 1038/2817/1 1042/2818/1 1046/2819/1 1040/2820/1
f 1048/2821/7 1043/2822/7 1049/2823/7 1052/2824/7
f 1047/2825/13 1046/2826/13 1056/2827/13 1051/2828/13
f 1037/2829/12 1044/2830/12 1042/2831/12 1038/2832/12
f 1047/2833/14 1044/2834/14 1037/2835/14 1039/2836/14
f 1046/2826/13 1042/2837/13 1054/2838/13 1056/2827/13
f 1044/2839/13 1047/2825/13 1051/2828/13 1050/2840/13
f 1050/2841/14 1051/2842/14 1052/2843/14 1049/2844/14
f 1049/2845/12 1053/2846/12 1054/2847/12 1050/2848/12
f 1053/2849/1 1055/2850/1 1056/2851/1 1054/2852/1
f 1051/2853/8 1056/2854/8 1055/2855/8 1052/2856/8
f 1045/2857/7 1048/2821/7 1052/2824/7 1055/2858/7
f 1043/2822/7 1041/2859/7 1053/2860/7 1049/2823/7
f 1042/2837/13 1044/2839/13 1050/2840/13 1054/2838/13
f 1041/2859/7 1045/2857/7 1055/2858/7 1053/2860/7
f 1021/2861/14 1025/2862/14 985/2863/14 981/2864/14
f 1063/2865/8 1059/2866/8 1060/2867/8 1064/2868/8
f 1063/2869/7 1061/2870/7 1057/2871/7 1059/2872/7
f 1057/2873/12 1061/2874/12 1062/2875/12 1058/2876/12
f 1068/2877/7 1072/2878/7 1070/2879/7 1066/2880/7
f 1071/2881/8 1072/2882/8 1068/2883/8 1067/2884/8
f 1071/2885/13 1067/2886/13 1065/2887/13 1069/2888/13
f 1066/2889/12 1070/2890/12 1069/2891/12 1065/2892/12
f 1058/2893/13 1062/2894/13 1064/2895/13 1060/2896/13
f 1073/2897/1 1074/2898/1 1076/2899/1 1075/2900/1
f 1075/2901/134 1076/2902/134 1081/2903/134 1082/2904/134
f 1079/2905/13 1080/2906/13 1085/2907/13 1086/2908/13
f 1083/2909/135 1084/2910/135 1074/2911/135 1073/2912/135
f 1075/2913/136 1082/2914/136 1083/2915/136 1073/2916/136
f 1081/2917/137 1076/2918/137 1074/2919/137 1084/2920/137
f 1080/2921/14 1079/2922/14 1082/2923/14 1081/2924/14
f 1079/2922/14 1077/2925/14 1083/2926/14 1082/2923/14
f 1078/2927/14 1080/2921/14 1081/2924/14 1084/2928/14
f 1077/2925/14 1078/2927/14 1084/2928/14 1083/2926/14
f 1078/2929/7 1077/2930/7 1087/2931/7 1088/2932/7
f 1077/2933/12 1079/2934/12 1086/2935/12 1087/2936/12
f 1080/2937/8 1078/2938/8 1088/2939/8 1085/2940/8
f 1089/2941/1 1091/2942/1 1092/2943/1 1090/2944/1
f 1091/2945/135 1098/2946/135 1097/2947/135 1092/2948/135
f 1095/2949/7 1102/2950/7 1101/2951/7 1096/2952/7
f 1099/2953/134 1089/2954/134 1090/2955/134 1100/2956/134
f 1091/2957/136 1089/2958/136 1099/2959/136 1098/2960/136
f 1097/2961/137 1100/2962/137 1090/2963/137 1092/2964/137
f 1096/2965/14 1097/2966/14 1098/2967/14 1095/2968/14
f 1095/2968/14 1098/2967/14 1099/2969/14 1093/2970/14
f 1094/2971/14 1100/2972/14 1097/2966/14 1096/2965/14
f 1093/2970/14 1099/2969/14 1100/2972/14 1094/2971/14
f 1094/2973/13 1104/2974/13 1103/2975/13 1093/2976/13
f 1093/2977/12 1103/2978/12 1102/2979/12 1095/2980/12
f 1096/2981/8 1101/2982/8 1104/2983/8 1094/2984/8
f 1105/2985/1 1107/2986/1 1108/2987/1 1106/2988/1
f 1107/2989/134 1114/2990/134 1113/2991/134 1108/2992/134
f 1111/2993/13 1118/2994/13 1117/2995/13 1112/2996/13
f 1115/2997/135 1105/2998/135 1106/2999/135 1116/3000/135
f 1107/3001/137 1105/3002/137 1115/3003/137 1114/3004/137
f 1113/3005/136 1116/3006/136 1106/3007/136 1108/3008/136
f 1112/3009/14 1113/3010/14 1114/3011/14 1111/3012/14
f 1111/3012/14 1114/3011/14 1115/3013/14 1109/3014/14
f 1110/3015/14 1116/3016/14 1113/3010/14 1112/3009/14
f 1109/3014/14 1115/3013/14 1116/3016/14 1110/3015/14
f 1110/3017/7 1120/3018/7 1119/3019/7 1109/3020/7
f 1109/3021/8 1119/3022/8 1118/3023/8 1111/3024/8
f 1112/3025/12 1117/3026/12 1120/3027/12 1110/3028/12
f 1121/3029/1 1122/3030/1 1124/3031/1 1123/3032/1
f 1123/3033/135 1124/3034/135 1129/3035/135 1130/3036/135
f 1127/3037/7 1128/3038/7 1133/3039/7 1134/3040/7
f 1131/3041/134 1132/3042/134 1122/3043/134 1121/3044/134
f 1123/3045/137 1130/3046/137 1131/3047/137 1121/3048/137
f 1129/3049/136 1124/3050/136 1122/3051/136 1132/3052/136
f 1128/3053/14 1127/3054/14 1130/3055/14 1129/3056/14
f 1127/3054/14 1125/3057/14 1131/3058/14 1130/3055/14
f 1126/3059/14 1128/3053/14 1129/3056/14 1132/3060/14
f 1125/3057/14 1126/3059/14 1132/3060/14 1131/3058/14
f 1126/3061/13 1125/3062/13 1135/3063/13 1136/3064/13
f 1125/3065/8 1127/3066/8 1134/3067/8 1135/3068/8
f 1128/3069/12 1126/3070/12 1136/3071/12 1133/3072/12
f 1137/3073/14 1139/3074/14 1140/3075/14 1138/3076/14
f 1139/3077/138 1146/3078/138 1145/3079/138 1140/3080/138
f 1143/3081/13 1150/3082/13 1149/3083/13 1144/3084/13
f 1147/3085/139 1137/3086/139 1138/3087/139 1148/3088/139
f 1139/3089/140 1137/3090/140 1147/3091/140 1146/3092/140
f 1145/3093/141 1148/3094/141 1138/3095/141 1140/3096/141
f 1144/3097/1 1145/3098/1 1146/3099/1 1143/3100/1
f 1143/3100/1 1146/3099/1 1147/3101/1 1141/3102/1
f 1142/3103/1 1148/3104/1 1145/3098/1 1144/3097/1
f 1141/3102/1 1147/3101/1 1148/3104/1 1142/3103/1
f 1142/3105/7 1152/3106/7 1151/3107/7 1141/3108/7
f 1141/3109/12 1151/3110/12 1150/3111/12 1143/3112/12
f 1144/3113/8 1149/3114/8 1152/3115/8 1142/3116/8
f 1153/3117/14 1154/3118/14 1156/3119/14 1155/3120/14
f 1155/3121/139 1156/3122/139 1161/3123/139 1162/3124/139
f 1159/3125/7 1160/3126/7 1165/3127/7 1166/3128/7
f 1163/3129/138 1164/3130/138 1154/3131/138 1153/3132/138
f 1155/3133/140 1162/3134/140 1163/3135/140 1153/3136/140
f 1161/3137/141 1156/3138/141 1154/3139/141 1164/3140/141
f 1160/3141/1 1159/3142/1 1162/3143/1 1161/3144/1
f 1159/3142/1 1157/3145/1 1163/3146/1 1162/3143/1
f 1158/3147/1 1160/3141/1 1161/3144/1 1164/3148/1
f 1157/3145/1 1158/3147/1 1164/3148/1 1163/3146/1
f 1158/3149/13 1157/3150/13 1167/3151/13 1168/3152/13
f 1157/3153/12 1159/3154/12 1166/3155/12 1167/3156/12
f 1160/3157/8 1158/3158/8 1168/3159/8 1165/3160/8
f 1169/3161/14 1170/3162/14 1172/3163/14 1171/3164/14
f 1171/3165/138 1172/3166/138 1177/3167/138 1178/3168/138
f 1175/3169/13 1176/3170/13 1181/3171/13 1182/3172/13
f 1179/3173/139 1180/3174/139 1170/3175/139 1169/3176/139
f 1171/3177/141 1178/3178/141 1179/3179/141 1169/3180/141
f 1177/3181/140 1172/3182/140 1170/3183/140 1180/3184/140
f 1176/3185/1 1175/3186/1 1178/3187/1 1177/3188/1
f 1175/3186/1 1173/3189/1 1179/3190/1 1178/3187/1
f 1174/3191/1 1176/3185/1 1177/3188/1 1180/3192/1
f 1173/3189/1 1174/3191/1 1180/3192/1 1179/3190/1
f 1174/3193/7 1173/3194/7 1183/3195/7 1184/3196/7
f 1173/3197/8 1175/3198/8 1182/3199/8 1183/3200/8
f 1176/3201/12 1174/3202/12 1184/3203/12 1181/3204/12
f 1185/3205/14 1187/3206/14 1188/3207/14 1186/3208/14
f 1187/3209/139 1194/3210/139 1193/3211/139 1188/3212/139
f 1191/3213/7 1198/3214/7 1197/3215/7 1192/3216/7
f 1195/3217/138 1185/3218/138 1186/3219/138 1196/3220/138
f 1187/3221/141 1185/3222/141 1195/3223/141 1194/3224/141
f 1193/3225/140 1196/3226/140 1186/3227/140 1188/3228/140
f 1192/3229/1 1193/3230/1 1194/3231/1 1191/3232/1
f 1191/3232/1 1194/3231/1 1195/3233/1 1189/3234/1
f 1190/3235/1 1196/3236/1 1193/3230/1 1192/3229/1
f 1189/3234/1 1195/3233/1 1196/3236/1 1190/3235/1
f 1190/3237/13 1200/3238/13 1199/3239/13 1189/3240/13
f 1189/3241/8 1199/3242/8 1198/3243/8 1191/3244/8
f 1192/3245/12 1197/3246/12 1200/3247/12 1190/3248/12
f 1201/3249/7 1202/3250/7 1204/3251/7 1203/3252/7
f 1203/3253/142 1204/3254/142 1209/3255/142 1210/3256/142
f 1207/3257/1 1208/3258/1 1213/3259/1 1214/3260/1
f 1211/3261/143 1212/3262/143 1202/3263/143 1201/3264/143
f 1203/3265/144 1210/3266/144 1211/3267/144 1201/3268/144
f 1209/3269/145 1204/3270/145 1202/3271/145 1212/3272/145
f 1208/3273/13 1207/3274/13 1210/3275/13 1209/3276/13
f 1207/3274/13 1205/3277/13 1211/3278/13 1210/3275/13
f 1206/3279/13 1208/3273/13 1209/3276/13 1212/3280/13
f 1205/3277/13 1206/3279/13 1212/3280/13 1211/3278/13
f 1206/3281/14 1205/3282/14 1215/3283/14 1216/3284/14
f 1205/3285/12 1207/3286/12 1214/3287/12 1215/3288/12
f 1208/3289/8 1206/3290/8 1216/3291/8 1213/3292/8
f 1217/3293/7 1219/3294/7 1220/3295/7 1218/3296/7
f 1219/3297/143 1226/3298/143 1225/3299/143 1220/3300/143
f 1223/3301/14 1230/3302/14 1229/3303/14 1224/3304/14
f 1227/3305/142 1217/3306/142 1218/3307/142 1228/3308/142
f 1219/3309/144 1217/3310/144 1227/3311/144 1226/3312/144
f 1225/3313/145 1228/3314/145 1218/3315/145 1220/3316/145
f 1224/3317/13 1225/3318/13 1226/3319/13 1223/3320/13
f 1223/3320/13 1226/3319/13 1227/3321/13 1221/3322/13
f 1222/3323/13 1228/3324/13 1225/3318/13 1224/3317/13
f 1221/3322/13 1227/3321/13 1228/3324/13 1222/3323/13
f 1222/3325/1 1232/3326/1 1231/3327/1 1221/3328/1
f 1221/3329/12 1231/3330/12 1230/3331/12 1223/3332/12
f 1224/3333/8 1229/3334/8 1232/3335/8 1222/3336/8
f 1233/3337/7 1235/3338/7 1236/3339/7 1234/3340/7
f 1235/3341/142 1242/3342/142 1241/3343/142 1236/3344/142
f 1239/3345/1 1246/3346/1 1245/3347/1 1240/3348/1
f 1243/3349/143 1233/3350/143 1234/3351/143 1244/3352/143
f 1235/3353/145 1233/3354/145 1243/3355/145 1242/3356/145
f 1241/3357/144 1244/3358/144 1234/3359/144 1236/3360/144
f 1240/3361/13 1241/3362/13 1242/3363/13 1239/3364/13
f 1239/3364/13 1242/3363/13 1243/3365/13 1237/3366/13
f 1238/3367/13 1244/3368/13 1241/3362/13 1240/3361/13
f 1237/3366/13 1243/3365/13 1244/3368/13 1238/3367/13
f 1238/3369/14 1248/3370/14 1247/3371/14 1237/3372/14
f 1237/3373/8 1247/3374/8 1246/3375/8 1239/3376/8
f 1240/3377/12 1245/3378/12 1248/3379/12 1238/3380/12
f 1249/3381/7 1250/3382/7 1252/3383/7 1251/3384/7
f 1251/3385/143 1252/3386/143 1257/3387/143 1258/3388/143
f 1255/3389/14 1256/3390/14 1261/3391/14 1262/3392/14
f 1259/3393/142 1260/3394/142 1250/3395/142 1249/3396/142
f 1251/3397/145 1258/3398/145 1259/3399/145 1249/3400/145
f 1257/3401/144 1252/3402/144 1250/3403/144 1260/3404/144
f 1256/3405/13 1255/3406/13 1258/3407/13 1257/3408/13
f 1255/3406/13 1253/3409/13 1259/3410/13 1258/3407/13
f 1254/3411/13 1256/3405/13 1257/3408/13 1260/3412/13
f 1253/3409/13 1254/3411/13 1260/3412/13 1259/3410/13
f 1254/3413/1 1253/3414/1 1263/3415/1 1264/3416/1
f 1253/3417/8 1255/3418/8 1262/3419/8 1263/3420/8
f 1256/3421/12 1254/3422/12 1264/3423/12 1261/3424/12
f 1265/3425/13 1267/3426/13 1268/3427/13 1266/3428/13
f 1267/3429/146 1274/3430/146 1273/3431/146 1268/3432/146
f 1271/3433/1 1278/3434/1 1277/3435/1 1272/3436/1
f 1275/3437/147 1265/3438/147 1266/3439/147 1276/3440/147
f 1267/3441/148 1265/3442/148 1275/3443/148 1274/3444/148
f 1273/3445/149 1276/3446/149 1266/3447/149 1268/3448/149
f 1272/3449/7 1273/3450/7 1274/3451/7 1271/3452/7
f 1271/3452/7 1274/3451/7 1275/3453/7 1269/3454/7
f 1270/3455/7 1276/3456/7 1273/3450/7 1272/3449/7
f 1269/3454/7 1275/3453/7 1276/3456/7 1270/3455/7
f 1270/3457/14 1280/3458/14 1279/3459/14 1269/3460/14
f 1269/3461/12 1279/3462/12 1278/3463/12 1271/3464/12
f 1272/3465/8 1277/3466/8 1280/3467/8 1270/3468/8
f 1281/3469/13 1282/3470/13 1284/3471/13 1283/3472/13
f 1283/3473/147 1284/3474/147 1289/3475/147 1290/3476/147
f 1287/3477/14 1288/3478/14 1293/3479/14 1294/3480/14
f 1291/3481/146 1292/3482/146 1282/3483/146 1281/3484/146
f 1283/3485/148 1290/3486/148 1291/3487/148 1281/3488/148
f 1289/3489/149 1284/3490/149 1282/3491/149 1292/3492/149
f 1288/3493/7 1287/3494/7 1290/3495/7 1289/3496/7
f 1287/3494/7 1285/3497/7 1291/3498/7 1290/3495/7
f 1286/3499/7 1288/3493/7 1289/3496/7 1292/3500/7
f 1285/3497/7 1286/3499/7 1292/3500/7 1291/3498/7
f 1286/3501/1 1285/3502/1 1295/3503/1 1296/3504/1
f 1285/3505/12 1287/3506/12 1294/3507/12 1295/3508/12
f 1288/3509/8 1286/3510/8 1296/3511/8 1293/3512/8
f 1297/3513/13 1298/3514/13 1300/3515/13 1299/3516/13
f 1299/3517/146 1300/3518/146 1305/3519/146 1306/3520/146
f 1303/3521/1 1304/3522/1 1309/3523/1 1310/3524/1
f 1307/3525/147 1308/3526/147 1298/3527/147 1297/3528/147
f 1299/3529/149 1306/3530/149 1307/3531/149 1297/3532/149
f 1305/3533/148 1300/3534/148 1298/3535/148 1308/3536/148
f 1304/3537/7 1303/3538/7 1306/3539/7 1305/3540/7
f 1303/3538/7 1301/3541/7 1307/3542/7 1306/3539/7
f 1302/3543/7 1304/3537/7 1305/3540/7 1308/3544/7
f 1301/3541/7 1302/3543/7 1308/3544/7 1307/3542/7
f 1302/3545/14 1301/3546/14 1311/3547/14 1312/3548/14
f 1301/3549/8 1303/3550/8 1310/3551/8 1311/3552/8
f 1304/3553/12 1302/3554/12 1312/3555/12 1309/3556/12
f 1313/3557/13 1315/3558/13 1316/3559/13 1314/3560/13
f 1315/3561/147 1322/3562/147 1321/3563/147 1316/3564/147
f 1319/3565/14 1326/3566/14 1325/3567/14 1320/3568/14
f 1323/3569/146 1313/3570/146 1314/3571/146 1324/3572/146
f 1315/3573/149 1313/3574/149 1323/3575/149 1322/3576/149
f 1321/3577/148 1324/3578/148 1314/3579/148 1316/3580/148
f 1320/3581/7 1321/3582/7 1322/3583/7 1319/3584/7
f 1319/3584/7 1322/3583/7 1323/3585/7 1317/3586/7
f 1318/3587/7 1324/3588/7 1321/3582/7 1320/3581/7
f 1317/3586/7 1323/3585/7 1324/3588/7 1318/3587/7
f 1318/3589/1 1328/3590/1 1327/3591/1 1317/3592/1
f 1317/3593/8 1327/3594/8 1326/3595/8 1319/3596/8
f 1320/3597/12 1325/3598/12 1328/3599/12 1318/3600/12
