# Blender v3.6.5 OBJ File: 'Cell 1_3.blend'
# www.blender.org
mtllib Cell_1.mtl
o Cell_1
v 0.020398 0.614968 0.397314
v 0.020398 0.614968 0.356519
v 0.020398 0.815653 0.217499
v 0.333885 0.614968 0.216322
v 0.298555 0.614968 0.195924
v 0.354282 0.614968 0.180992
v 0.318953 0.614968 0.160594
v 0.178161 0.815653 0.126414
v 0.198559 0.815653 0.091085
v 0.020398 0.584219 0.356519
v 0.020398 0.584219 0.397314
v 0.333885 0.584219 0.216322
v 0.298555 0.584219 0.195924
v 0.318953 0.584219 0.160594
v 0.354282 0.584219 0.180992
v 0.020398 0.193258 0.356519
v 0.020398 0.237897 0.356519
v 0.020398 0.193258 0.397314
v 0.298555 0.237897 0.195924
v 0.318953 0.193258 0.160594
v 0.318953 0.237897 0.160594
v 0.354282 0.193258 0.180992
v 0.333885 0.237897 0.216322
v 0.333885 0.193258 0.216322
v 0.020398 0.237897 0.397314
v 0.298555 0.193258 0.195924
v 0.354282 0.237897 0.180992
v 0.020398 -0.584219 0.356519
v 0.298555 -0.584219 0.195924
v 0.318953 -0.584219 0.160594
v 0.354282 -0.584219 0.180992
v 0.020398 -0.237897 0.356519
v 0.020398 -0.237897 0.397314
v 0.298555 -0.193258 0.195924
v 0.318953 -0.193258 0.160594
v 0.318953 -0.237897 0.160594
v 0.354282 -0.237897 0.180992
v 0.333885 -0.237897 0.216322
v 0.333885 -0.193258 0.216322
v 0.020398 -0.193258 0.356519
v 0.020398 -0.193258 0.397314
v 0.298555 -0.237897 0.195924
v 0.354282 -0.193258 0.180992
v -0.020398 0.614968 0.397314
v -0.020398 0.614968 0.356519
v -0.020398 0.815653 0.217499
v -0.333885 0.614968 0.216322
v -0.298555 0.614968 0.195924
v -0.354282 0.614968 0.180992
v -0.318953 0.614968 0.160594
v -0.178161 0.815653 0.126414
v -0.198559 0.815653 0.091085
v -0.020398 0.584219 0.356519
v -0.020398 0.584219 0.397314
v -0.333885 0.584219 0.216322
v -0.298555 0.584219 0.195924
v -0.318953 0.584219 0.160594
v -0.354282 0.584219 0.180992
v -0.020398 0.237897 0.356519
v -0.020398 0.193258 0.397314
v -0.020398 0.237897 0.397314
v -0.318953 0.193258 0.160594
v -0.318953 0.237897 0.160594
v -0.333885 0.237897 0.216322
v -0.020398 0.193258 0.356519
v -0.298555 0.193258 0.195924
v -0.298555 0.237897 0.195924
v -0.354282 0.193258 0.180992
v -0.354282 0.237897 0.180992
v -0.333885 0.193258 0.216322
v -0.020398 -0.584219 0.356519
v -0.298555 -0.584219 0.195924
v -0.318953 -0.584219 0.160594
v -0.354282 -0.584219 0.180992
v -0.020398 -0.193258 0.397314
v -0.298555 -0.237897 0.195924
v -0.318953 -0.193258 0.160594
v -0.318953 -0.237897 0.160594
v -0.354282 -0.193258 0.180992
v -0.333885 -0.237897 0.216322
v -0.020398 -0.193258 0.356519
v -0.020398 -0.237897 0.356519
v -0.020398 -0.237897 0.397314
v -0.298555 -0.193258 0.195924
v -0.354282 -0.237897 0.180992
v -0.333885 -0.193258 0.216322
v 0.201520 0.785550 0.139901
v 0.221917 0.785550 0.104571
v 0.020398 0.785550 0.244472
v -0.020398 0.785550 0.244472
v -0.201520 0.785550 0.139901
v -0.221917 0.785550 0.104571
v 0.020398 0.614968 -0.397314
v 0.020398 0.614968 -0.356519
v 0.020398 0.815653 -0.217499
v 0.333885 0.614968 -0.216322
v 0.298555 0.614968 -0.195924
v 0.354282 0.614968 -0.180992
v 0.318953 0.614968 -0.160594
v 0.178161 0.815653 -0.126414
v 0.198559 0.815653 -0.091085
v 0.020398 0.584219 -0.356519
v 0.020398 0.584219 -0.397314
v 0.333885 0.584219 -0.216322
v 0.298555 0.584219 -0.195924
v 0.318953 0.584219 -0.160594
v 0.354282 0.584219 -0.180992
v 0.020398 0.193258 -0.356519
v 0.020398 0.237897 -0.356519
v 0.020398 0.193258 -0.397314
v 0.298555 0.237897 -0.195924
v 0.318953 0.193258 -0.160594
v 0.354282 0.193258 -0.180992
v 0.354282 0.237897 -0.180992
v 0.333885 0.237897 -0.216322
v 0.333885 0.193258 -0.216322
v 0.020398 0.237897 -0.397314
v 0.298555 0.193258 -0.195924
v 0.318953 0.237897 -0.160594
v 0.020398 -0.584219 -0.397314
v 0.333885 -0.584219 -0.216322
v 0.020398 -0.193258 -0.356519
v 0.020398 -0.237897 -0.356519
v 0.020398 -0.237897 -0.397314
v 0.298555 -0.237897 -0.195924
v 0.354282 -0.193258 -0.180992
v 0.354282 -0.237897 -0.180992
v 0.333885 -0.237897 -0.216322
v 0.020398 -0.193258 -0.397314
v 0.298555 -0.193258 -0.195924
v 0.318953 -0.193258 -0.160594
v 0.318953 -0.237897 -0.160594
v 0.333885 -0.193258 -0.216322
v -0.020398 0.614968 -0.397314
v -0.020398 0.614968 -0.356519
v -0.020398 0.815653 -0.217499
v -0.333885 0.614968 -0.216322
v -0.298555 0.614968 -0.195924
v -0.354282 0.614968 -0.180992
v -0.318953 0.614968 -0.160594
v -0.178161 0.815653 -0.126414
v -0.198559 0.815653 -0.091085
v -0.020398 0.584219 -0.356519
v -0.020398 0.584219 -0.397314
v -0.333885 0.584219 -0.216322
v -0.298555 0.584219 -0.195924
v -0.318953 0.584219 -0.160594
v -0.354282 0.584219 -0.180992
v -0.020398 0.193258 -0.356519
v -0.020398 0.193258 -0.397314
v -0.298555 0.237897 -0.195924
v -0.318953 0.193258 -0.160594
v -0.318953 0.237897 -0.160594
v -0.354282 0.193258 -0.180992
v -0.020398 0.237897 -0.356519
v -0.020398 0.237897 -0.397314
v -0.298555 0.193258 -0.195924
v -0.354282 0.237897 -0.180992
v -0.333885 0.237897 -0.216322
v -0.333885 0.193258 -0.216322
v -0.020398 -0.584219 -0.356519
v -0.020398 -0.584219 -0.397314
v -0.333885 -0.584219 -0.216322
v -0.298555 -0.584219 -0.195924
v -0.318953 -0.584219 -0.160594
v -0.354282 -0.584219 -0.180992
v -0.020398 -0.237897 -0.356519
v -0.020398 -0.193258 -0.397314
v -0.298555 -0.193258 -0.195924
v -0.298555 -0.237897 -0.195924
v -0.318953 -0.193258 -0.160594
v -0.318953 -0.237897 -0.160594
v -0.354282 -0.193258 -0.180992
v -0.354282 -0.237897 -0.180992
v -0.333885 -0.237897 -0.216322
v -0.020398 -0.193258 -0.356519
v -0.020398 -0.237897 -0.397314
v -0.333885 -0.193258 -0.216322
v 0.201520 0.785550 -0.139901
v 0.221917 0.785550 -0.104571
v 0.020398 0.785550 -0.244472
v -0.020398 0.785550 -0.244472
v -0.201520 0.785550 -0.139901
v -0.221917 0.785550 -0.104571
v 0.163229 0.815653 0.070687
v 0.020398 0.815653 0.176704
v -0.020398 0.815653 0.176704
v -0.142832 0.815653 0.106017
v 0.142832 0.815653 -0.106017
v 0.020398 0.815653 -0.176704
v -0.020398 0.815653 -0.176704
v -0.163229 0.815653 -0.070687
v 0.166190 0.785550 0.119503
v 0.020398 0.785550 0.203676
v -0.020398 0.785550 0.203676
v -0.166190 0.785550 0.119503
v -0.186588 0.785550 0.084173
v 0.186588 0.785550 -0.084173
v 0.020398 0.785550 -0.203676
v 0.298555 -0.065971 -0.195924
v 0.298555 0.065971 -0.195924
v 0.348733 0.055572 -0.177788
v 0.348733 -0.055572 -0.177788
v 0.333885 -0.065971 -0.216322
v 0.333885 0.065971 -0.216322
v 0.324503 -0.055572 -0.163799
v 0.324503 0.055572 -0.163799
v 0.354282 0.065971 -0.180992
v 0.354282 -0.065971 -0.180992
v 0.318953 -0.065971 -0.160594
v 0.318953 0.065971 -0.160594
v 0.354799 0.055572 -0.162132
v 0.354799 -0.055572 -0.162132
v 0.324439 -0.055572 -0.162324
v 0.324439 0.055572 -0.162324
v -0.103634 0.807682 0.103634
v -0.103634 0.814654 0.103634
v -0.103634 0.807682 -0.103634
v -0.103634 0.814654 -0.103634
v 0.103634 0.807682 0.103634
v 0.103634 0.814654 0.103634
v 0.103634 0.807682 -0.103634
v 0.103634 0.814654 -0.103634
v -0.051549 0.813465 0.069456
v -0.051549 0.819158 0.069456
v -0.061560 0.813465 0.086794
v -0.061560 0.819158 0.086794
v -0.081581 0.813465 0.086794
v -0.081581 0.819158 0.086794
v -0.091591 0.813465 0.069456
v -0.091591 0.819158 0.069456
v -0.081581 0.813465 0.052117
v -0.081581 0.819158 0.052117
v -0.061560 0.813465 0.052117
v -0.061560 0.819158 0.052117
v -0.051549 0.813465 -0.069456
v -0.051549 0.819158 -0.069456
v -0.061560 0.813465 -0.086794
v -0.061560 0.819158 -0.086794
v -0.081581 0.813465 -0.086794
v -0.081581 0.819158 -0.086794
v -0.091591 0.813465 -0.069456
v -0.091591 0.819158 -0.069456
v -0.081581 0.813465 -0.052117
v -0.081581 0.819158 -0.052117
v -0.061560 0.813465 -0.052117
v -0.061560 0.819158 -0.052117
v 0.051549 0.813465 0.069456
v 0.051549 0.819158 0.069456
v 0.061560 0.813465 0.086794
v 0.061560 0.819158 0.086794
v 0.081581 0.813465 0.086794
v 0.081581 0.819158 0.086794
v 0.091591 0.813465 0.069456
v 0.091591 0.819158 0.069456
v 0.081581 0.813465 0.052117
v 0.081581 0.819158 0.052117
v 0.061560 0.813465 0.052117
v 0.061560 0.819158 0.052117
v 0.051549 0.813465 -0.069456
v 0.051549 0.819158 -0.069456
v 0.061560 0.813465 -0.086794
v 0.061560 0.819158 -0.086794
v 0.081581 0.813465 -0.086794
v 0.081581 0.819158 -0.086794
v 0.091591 0.813465 -0.069456
v 0.091591 0.819158 -0.069456
v 0.081581 0.813465 -0.052117
v 0.081581 0.819158 -0.052117
v 0.061560 0.813465 -0.052117
v 0.061560 0.819158 -0.052117
v 0.022036 0.813388 -0.050836
v -0.022036 0.813388 -0.050836
v 0.022036 0.857413 -0.025418
v -0.022036 0.857413 -0.025418
v 0.022036 0.857413 0.025418
v -0.022036 0.857413 0.025418
v 0.022036 0.813388 0.050836
v -0.022036 0.813388 0.050836
v 0.022036 0.813388 -0.038611
v -0.022036 0.813388 -0.038611
v 0.022036 0.846826 -0.019305
v -0.022036 0.846826 -0.019305
v 0.022036 0.846826 0.019305
v -0.022036 0.846826 0.019305
v 0.022036 0.813388 0.038611
v -0.022036 0.813388 0.038611
v -0.346791 -0.486846 0.000754
v -0.346791 -0.334481 0.000754
v -0.333475 0.235802 0.059287
v -0.346791 -0.096585 -0.000754
v -0.333475 -0.585525 0.059288
v -0.346791 -0.235802 0.059287
v -0.346791 -0.334481 -0.000754
v -0.333475 -0.235802 -0.059287
v -0.333475 -0.334481 -0.000754
v -0.333475 -0.235802 0.059288
v -0.346791 0.486846 -0.000754
v -0.333475 0.486846 -0.000754
v -0.333475 0.334481 0.000754
v -0.333475 0.195265 0.059288
v -0.333475 0.096585 0.000754
v -0.122051 -0.585525 0.329973
v -0.172742 -0.486846 0.300707
v -0.172742 -0.334481 0.300707
v -0.172742 0.486846 0.300707
v -0.174049 0.334481 0.299953
v -0.218082 0.235802 0.259155
v -0.115393 0.235802 0.318442
v -0.174049 -0.096585 0.299953
v -0.115393 -0.195265 0.318442
v -0.172742 0.096585 0.300707
v -0.224740 -0.585525 0.270687
v -0.174048 -0.486846 0.299953
v -0.218082 -0.585525 0.259155
v -0.167391 -0.486846 0.288421
v -0.115393 -0.585525 0.318442
v -0.166084 -0.486846 0.289175
v -0.122051 -0.235802 0.329974
v -0.224740 -0.235802 0.270687
v -0.174048 -0.334481 0.299953
v -0.218082 -0.235802 0.259155
v -0.167391 -0.334481 0.288421
v -0.115393 -0.235802 0.318442
v -0.166084 -0.334481 0.289175
v -0.122051 0.585525 0.329974
v -0.224740 0.585525 0.270687
v -0.174048 0.486846 0.299953
v -0.218082 0.585525 0.259155
v -0.167391 0.486846 0.288421
v -0.115393 0.585525 0.318442
v -0.166084 0.486846 0.289175
v -0.122051 0.235802 0.329974
v -0.224740 0.235802 0.270687
v -0.167391 0.334481 0.288421
v -0.172742 0.334481 0.300707
v -0.166084 0.334481 0.289175
v -0.122051 -0.195265 0.329974
v -0.224740 -0.195265 0.270687
v -0.218082 -0.195265 0.259155
v -0.167391 -0.096585 0.288421
v -0.172742 -0.096585 0.300707
v -0.166084 -0.096585 0.289175
v -0.122051 0.195265 0.329974
v -0.224740 0.195265 0.270687
v -0.174048 0.096585 0.299953
v -0.218082 0.195265 0.259155
v -0.167391 0.096585 0.288421
v -0.115393 0.195265 0.318442
v -0.166084 0.096585 0.289175
v 0.224740 -0.585525 0.270686
v 0.174049 -0.486846 0.299953
v 0.174049 -0.334481 0.299953
v 0.174049 0.486846 0.299953
v 0.172742 0.334481 0.300707
v 0.115393 0.235802 0.318442
v 0.218082 0.235802 0.259154
v 0.172742 -0.096585 0.300707
v 0.218082 -0.195265 0.259154
v 0.174049 0.096585 0.299953
v 0.122052 -0.585525 0.329974
v 0.172743 -0.486846 0.300707
v 0.115394 -0.585525 0.318442
v 0.166085 -0.486846 0.289175
v 0.218082 -0.585525 0.259154
v 0.167391 -0.486846 0.288421
v 0.224740 -0.235802 0.270686
v 0.122052 -0.235802 0.329974
v 0.172743 -0.334481 0.300707
v 0.115394 -0.235802 0.318442
v 0.166085 -0.334481 0.289175
v 0.218082 -0.235802 0.259154
v 0.167391 -0.334481 0.288421
v 0.224740 0.585525 0.270686
v 0.122052 0.585525 0.329974
v 0.172743 0.486846 0.300707
v 0.115394 0.585525 0.318442
v 0.166085 0.486846 0.289175
v 0.218082 0.585525 0.259154
v 0.167391 0.486846 0.288421
v 0.224740 0.235802 0.270686
v 0.122052 0.235802 0.329974
v 0.166085 0.334481 0.289175
v 0.174049 0.334481 0.299953
v 0.167391 0.334481 0.288421
v 0.224740 -0.195265 0.270686
v 0.122052 -0.195265 0.329974
v 0.115394 -0.195265 0.318442
v 0.166085 -0.096585 0.289175
v 0.174049 -0.096585 0.299953
v 0.167391 -0.096585 0.288421
v 0.224740 0.195265 0.270686
v 0.122052 0.195265 0.329974
v 0.172743 0.096585 0.300707
v 0.115394 0.195265 0.318442
v 0.166085 0.096585 0.289175
v 0.218082 0.195265 0.259154
v 0.167391 0.096585 0.288421
v 0.122051 -0.585525 -0.329974
v 0.172742 -0.486846 -0.300707
v 0.172742 -0.334481 -0.300707
v 0.172742 0.486846 -0.300707
v 0.174048 0.334481 -0.299953
v 0.218082 0.235802 -0.259155
v 0.115393 0.235802 -0.318442
v 0.174048 -0.096585 -0.299953
v 0.115393 -0.195265 -0.318442
v 0.172742 0.096585 -0.300707
v 0.224740 -0.585525 -0.270687
v 0.174048 -0.486846 -0.299953
v 0.218082 -0.585525 -0.259155
v 0.167391 -0.486846 -0.288421
v 0.115393 -0.585525 -0.318442
v 0.166084 -0.486846 -0.289175
v 0.122051 -0.235802 -0.329974
v 0.224740 -0.235802 -0.270687
v 0.174048 -0.334481 -0.299953
v 0.218082 -0.235802 -0.259155
v 0.167391 -0.334481 -0.288421
v 0.115393 -0.235802 -0.318442
v 0.166084 -0.334481 -0.289175
v 0.122051 0.585525 -0.329974
v 0.224740 0.585525 -0.270687
v 0.174048 0.486846 -0.299953
v 0.218082 0.585525 -0.259155
v 0.167391 0.486846 -0.288421
v 0.115393 0.585525 -0.318442
v 0.166084 0.486846 -0.289175
v 0.122051 0.235802 -0.329974
v 0.224740 0.235802 -0.270687
v 0.167391 0.334481 -0.288421
v 0.172742 0.334481 -0.300707
v 0.166084 0.334481 -0.289175
v 0.122051 -0.195265 -0.329974
v 0.224740 -0.195265 -0.270687
v 0.218082 -0.195265 -0.259155
v 0.167391 -0.096585 -0.288421
v 0.172742 -0.096585 -0.300707
v 0.166084 -0.096585 -0.289175
v 0.122051 0.195265 -0.329974
v 0.224740 0.195265 -0.270687
v 0.174048 0.096585 -0.299953
v 0.218082 0.195265 -0.259155
v 0.167391 0.096585 -0.288421
v 0.115393 0.195265 -0.318442
v 0.166084 0.096585 -0.289175
v -0.224740 -0.585525 -0.270686
v -0.174049 -0.486846 -0.299953
v -0.174049 -0.334481 -0.299953
v -0.174049 0.486846 -0.299953
v -0.172742 0.334481 -0.300707
v -0.115394 0.235802 -0.318442
v -0.218082 0.235802 -0.259154
v -0.172742 -0.096585 -0.300707
v -0.218082 -0.195265 -0.259154
v -0.174049 0.096585 -0.299953
v -0.122052 -0.585525 -0.329974
v -0.172743 -0.486846 -0.300707
v -0.115394 -0.585525 -0.318442
v -0.166085 -0.486846 -0.289175
v -0.218082 -0.585525 -0.259154
v -0.167391 -0.486846 -0.288421
v -0.224740 -0.235802 -0.270686
v -0.122052 -0.235802 -0.329974
v -0.172743 -0.334481 -0.300707
v -0.115394 -0.235802 -0.318442
v -0.166085 -0.334481 -0.289175
v -0.218082 -0.235802 -0.259154
v -0.167391 -0.334481 -0.288421
v -0.224740 0.585525 -0.270686
v -0.122052 0.585525 -0.329974
v -0.172743 0.486846 -0.300707
v -0.115394 0.585525 -0.318442
v -0.166085 0.486846 -0.289175
v -0.218082 0.585525 -0.259154
v -0.167391 0.486846 -0.288421
v -0.224740 0.235802 -0.270686
v -0.122052 0.235802 -0.329974
v -0.166085 0.334481 -0.289175
v -0.174049 0.334481 -0.299953
v -0.167391 0.334481 -0.288421
v -0.224740 -0.195265 -0.270686
v -0.122052 -0.195265 -0.329974
v -0.115394 -0.195265 -0.318442
v -0.166085 -0.096585 -0.289175
v -0.174049 -0.096585 -0.299953
v -0.167391 -0.096585 -0.288421
v -0.224740 0.195265 -0.270686
v -0.122052 0.195265 -0.329974
v -0.172743 0.096585 -0.300707
v -0.115394 0.195265 -0.318442
v -0.166085 0.096585 -0.289175
v -0.218082 0.195265 -0.259154
v -0.167391 0.096585 -0.288421
v -0.346791 -0.585525 0.059287
v -0.346791 0.486846 0.000754
v -0.346791 0.334481 -0.000754
v -0.333475 0.235802 -0.059287
v -0.333475 -0.195265 0.059288
v -0.346791 0.096585 0.000754
v -0.346791 -0.585525 -0.059287
v -0.346791 -0.486846 -0.000754
v -0.333476 -0.585525 -0.059287
v -0.333475 -0.486846 -0.000754
v -0.333475 -0.486846 0.000755
v -0.346791 -0.235802 -0.059287
v -0.333475 -0.334481 0.000755
v -0.346791 0.585525 0.059288
v -0.346791 0.585525 -0.059287
v -0.333476 0.585525 -0.059287
v -0.333475 0.585525 0.059288
v -0.333475 0.486846 0.000755
v -0.346791 0.235802 0.059288
v -0.346791 0.235802 -0.059287
v -0.333475 0.334481 -0.000754
v -0.346791 0.334481 0.000755
v -0.346791 -0.195265 0.059288
v -0.346791 -0.195265 -0.059287
v -0.333476 -0.195265 -0.059287
v -0.333475 -0.096585 -0.000754
v -0.346791 -0.096585 0.000755
v -0.333475 -0.096585 0.000755
v -0.346791 0.195265 0.059288
v -0.346791 0.195265 -0.059287
v -0.346791 0.096585 -0.000754
v -0.333476 0.195265 -0.059287
v -0.333475 0.096585 -0.000754
v 0.018717 0.815653 0.170431
v 0.138239 0.815653 0.101424
v 0.156956 0.815653 0.069006
v -0.018717 0.815653 0.170431
v -0.138239 0.815653 0.101424
v -0.156956 0.815653 0.069006
v 0.158094 0.785550 0.111407
v 0.175528 0.785550 0.081210
v 0.017434 0.785550 0.192617
v -0.017434 0.785550 0.192617
v -0.158094 0.785550 0.111407
v -0.175528 0.785550 0.081210
v 0.018717 0.815653 -0.170431
v 0.138239 0.815653 -0.101424
v 0.156956 0.815653 -0.069006
v -0.018717 0.815653 -0.170431
v -0.138239 0.815653 -0.101424
v -0.156956 0.815653 -0.069006
v 0.158094 0.785550 -0.111407
v 0.175528 0.785550 -0.081210
v 0.017434 0.785550 -0.192617
v -0.017434 0.785550 -0.192617
v -0.158094 0.785550 -0.111407
v -0.175528 0.785550 -0.081210
v 0.142832 0.815653 0.106017
v -0.163229 0.815653 0.070687
v 0.163229 0.815653 -0.070687
v -0.142832 0.815653 -0.106017
v 0.138239 0.810216 0.101424
v 0.156956 0.810216 0.069006
v 0.018717 0.810216 0.170431
v -0.018717 0.810216 0.170431
v -0.138239 0.810216 0.101424
v -0.156956 0.810216 0.069006
v 0.138239 0.810216 -0.101424
v 0.156956 0.810216 -0.069006
v 0.018717 0.810216 -0.170431
v -0.018717 0.810216 -0.170431
v -0.138239 0.810216 -0.101424
v -0.156956 0.810216 -0.069006
v 0.186588 0.785550 0.084173
v 0.166190 0.785550 -0.119503
v -0.020398 0.785550 -0.203676
v -0.166190 0.785550 -0.119503
v -0.186588 0.785550 -0.084173
v 0.175528 0.790657 0.081210
v 0.158094 0.790657 0.111407
v 0.017434 0.790657 0.192617
v -0.017434 0.790657 0.192617
v -0.158094 0.790657 0.111407
v -0.175528 0.790657 0.081210
v 0.175528 0.790657 -0.081210
v 0.158094 0.790657 -0.111407
v 0.017434 0.790657 -0.192617
v -0.017434 0.790657 -0.192617
v -0.158094 0.790657 -0.111407
v -0.175528 0.790657 -0.081210
v 0.020398 -0.614968 0.356519
v 0.298555 -0.614968 0.195924
v 0.318953 -0.614968 0.160594
v 0.020398 -0.584219 0.397314
v 0.333885 -0.584219 0.216322
v 0.012867 -0.678628 0.369209
v 0.313311 -0.678628 0.195747
v 0.326178 -0.678628 0.173461
v -0.020398 -0.614968 0.356519
v -0.298555 -0.614968 0.195924
v -0.318953 -0.614968 0.160594
v -0.020398 -0.584219 0.397314
v -0.333885 -0.584219 0.216322
v -0.012867 -0.678628 0.369209
v -0.313311 -0.678628 0.195747
v -0.326178 -0.678628 0.173461
v 0.354282 -0.678628 0.180992
v 0.333885 -0.678628 0.216322
v 0.020398 -0.678628 0.397314
v -0.354282 -0.678628 0.180992
v -0.333885 -0.678628 0.216322
v -0.020398 -0.678628 0.397314
v 0.326178 -0.662923 0.173461
v 0.313311 -0.662923 0.195747
v 0.012867 -0.662923 0.369209
v -0.326178 -0.662923 0.173461
v -0.313311 -0.662923 0.195747
v -0.012867 -0.662923 0.369209
v 0.020398 -0.614968 -0.356519
v 0.298555 -0.614968 -0.195924
v 0.318953 -0.614968 -0.160594
v 0.020398 -0.584219 -0.356519
v 0.298555 -0.584219 -0.195924
v 0.318953 -0.584219 -0.160594
v 0.354282 -0.584219 -0.180992
v 0.012867 -0.678628 -0.369209
v 0.313311 -0.678628 -0.195747
v 0.326178 -0.678628 -0.173461
v -0.020398 -0.614968 -0.356519
v -0.298555 -0.614968 -0.195924
v -0.318953 -0.614968 -0.160594
v -0.012867 -0.678628 -0.369209
v -0.313311 -0.678628 -0.195747
v -0.326178 -0.678628 -0.173461
v 0.354282 -0.678628 -0.180992
v 0.333885 -0.678628 -0.216322
v 0.020398 -0.678628 -0.397314
v -0.354282 -0.678628 -0.180992
v -0.333885 -0.678628 -0.216322
v -0.020398 -0.678628 -0.397314
v 0.326178 -0.662923 -0.173461
v 0.313311 -0.662923 -0.195747
v 0.012867 -0.662923 -0.369209
v -0.326178 -0.662923 -0.173461
v -0.313311 -0.662923 -0.195747
v -0.012867 -0.662923 -0.369209
v 0.000900 -0.632342 -0.434312
v -0.000900 -0.630542 -0.434312
v 0.022146 -0.609297 -0.398098
v 0.012339 -0.643781 -0.390020
v -0.012339 -0.643781 -0.390020
v -0.012339 -0.619103 -0.398098
v 0.012339 -0.619103 -0.398098
v 0.012339 -0.643781 -0.398098
v -0.012339 -0.643781 -0.398098
v -0.375334 -0.632342 -0.217738
v -0.375334 -0.630542 -0.217738
v -0.376234 -0.632342 -0.216179
v -0.376234 -0.630542 -0.216179
v -0.336649 -0.653588 -0.219936
v -0.333349 -0.653588 -0.218031
v -0.333349 -0.609297 -0.218031
v -0.336649 -0.609297 -0.219936
v -0.355495 -0.653588 -0.179673
v -0.358795 -0.653588 -0.181579
v -0.358795 -0.609297 -0.181579
v -0.355495 -0.609297 -0.179673
v -0.331257 -0.619103 -0.205499
v -0.331257 -0.643781 -0.205499
v -0.343596 -0.643781 -0.184127
v -0.343596 -0.619103 -0.184127
v -0.350592 -0.619103 -0.188166
v -0.338252 -0.619103 -0.209538
v -0.338252 -0.643781 -0.209538
v -0.350592 -0.643781 -0.188166
v -0.376191 -0.632342 0.216155
v -0.376191 -0.630542 0.216155
v -0.375292 -0.632342 0.217714
v -0.375292 -0.630542 0.217714
v -0.358752 -0.653588 0.181554
v -0.355452 -0.653588 0.179649
v -0.355452 -0.609297 0.179649
v -0.358752 -0.609297 0.181554
v -0.333307 -0.653588 0.218006
v -0.336607 -0.653588 0.219911
v -0.336607 -0.609297 0.219911
v -0.333307 -0.609297 0.218006
v -0.343554 -0.619103 0.184103
v -0.343554 -0.643781 0.184103
v -0.331215 -0.643781 0.205475
v -0.331215 -0.619103 0.205475
v -0.338210 -0.619103 0.209514
v -0.350549 -0.619103 0.188142
v -0.350549 -0.643781 0.188142
v -0.338210 -0.643781 0.209514
v -0.000900 -0.632342 0.434166
v -0.000900 -0.630542 0.434166
v 0.000900 -0.632342 0.434166
v 0.000900 -0.630542 0.434166
v -0.022145 -0.653588 0.401763
v -0.022145 -0.653588 0.397952
v -0.022145 -0.609297 0.397952
v -0.022145 -0.609297 0.401763
v 0.022146 -0.653588 0.397952
v 0.022146 -0.653588 0.401763
v 0.022146 -0.609297 0.401763
v 0.022146 -0.609297 0.397952
v -0.012339 -0.619103 0.389875
v -0.012339 -0.643781 0.389875
v 0.012339 -0.643781 0.389875
v 0.012339 -0.619103 0.389875
v 0.012339 -0.619103 0.397952
v -0.012339 -0.619103 0.397952
v -0.012339 -0.643781 0.397952
v 0.012339 -0.643781 0.397952
v 0.375334 -0.632342 0.217738
v 0.375334 -0.630542 0.217738
v 0.376234 -0.632342 0.216179
v 0.376234 -0.630542 0.216179
v 0.336649 -0.653588 0.219936
v 0.333349 -0.653588 0.218031
v 0.333349 -0.609297 0.218031
v 0.336649 -0.609297 0.219936
v 0.355495 -0.653588 0.179673
v 0.358795 -0.653588 0.181579
v 0.358795 -0.609297 0.181579
v 0.355495 -0.609297 0.179673
v 0.331257 -0.619103 0.205499
v 0.331257 -0.643781 0.205499
v 0.343596 -0.643781 0.184127
v 0.343596 -0.619103 0.184127
v 0.350592 -0.619103 0.188166
v 0.338252 -0.619103 0.209538
v 0.338252 -0.643781 0.209538
v 0.350592 -0.643781 0.188166
v 0.376191 -0.632342 -0.216155
v 0.376191 -0.630542 -0.216155
v 0.375292 -0.632342 -0.217714
v 0.375292 -0.630542 -0.217714
v 0.358752 -0.653588 -0.181554
v 0.355452 -0.653588 -0.179649
v 0.355452 -0.609297 -0.179649
v 0.358752 -0.609297 -0.181554
v 0.333307 -0.653588 -0.218006
v 0.336607 -0.653588 -0.219912
v 0.336607 -0.609297 -0.219912
v 0.333307 -0.609297 -0.218006
v 0.343554 -0.619103 -0.184103
v 0.343554 -0.643781 -0.184103
v 0.331215 -0.643781 -0.205475
v 0.331215 -0.619103 -0.205475
v 0.338210 -0.619103 -0.209514
v 0.350549 -0.619103 -0.188142
v 0.350549 -0.643781 -0.188142
v 0.338210 -0.643781 -0.209514
v 0.000900 -0.630542 -0.434312
v -0.000900 -0.632342 -0.434312
v 0.022145 -0.653588 -0.401908
v 0.022145 -0.653588 -0.398098
v 0.022145 -0.609297 -0.401908
v -0.022146 -0.653588 -0.398098
v -0.022146 -0.653588 -0.401908
v -0.022146 -0.609297 -0.401908
v -0.022146 -0.609297 -0.398098
v 0.012339 -0.619103 -0.390020
v -0.012339 -0.619103 -0.390020
vt 0.462065 0.698672
vt 0.450268 0.698628
vt 0.450720 0.575396
vt 0.462518 0.575440
vt 0.477572 0.576878
vt 0.491584 0.576920
vt 0.491541 0.590932
vt 0.477529 0.590890
vt 0.970907 0.622601
vt 0.981943 0.610443
vt 0.998211 0.610547
vt 0.987175 0.622706
vt 0.594278 0.715578
vt 0.583716 0.715546
vt 0.584094 0.591214
vt 0.594655 0.591246
vt 0.462008 0.714324
vt 0.450211 0.714280
vt 0.594235 0.729591
vt 0.583674 0.729559
vt 0.981681 0.651150
vt 0.970803 0.638851
vt 0.987071 0.638956
vt 0.997949 0.651255
vt 0.477109 0.729235
vt 0.477152 0.715223
vt 0.491164 0.715265
vt 0.491121 0.729277
vt 0.505047 0.715307
vt 0.505004 0.729320
vt 0.906549 0.654686
vt 0.895753 0.666516
vt 0.879887 0.666372
vt 0.890682 0.654542
vt 0.291010 0.306439
vt 0.299042 0.320520
vt 0.155204 0.319778
vt 0.163381 0.305781
vt 0.300266 0.698078
vt 0.300209 0.713730
vt 0.151913 0.713187
vt 0.151970 0.697535
vt 0.297640 0.505420
vt 0.297548 0.520379
vt 0.155815 0.519506
vt 0.155907 0.504547
vt 0.728521 0.729999
vt 0.728563 0.715986
vt 0.861322 0.716390
vt 0.861280 0.730402
vt 0.574297 0.733631
vt 0.574229 0.747465
vt 0.443156 0.746822
vt 0.443224 0.732988
vt 0.155895 0.261247
vt 0.163978 0.247237
vt 0.291330 0.247194
vt 0.299422 0.261199
vt 0.301282 0.420308
vt 0.301226 0.435960
vt 0.152929 0.435420
vt 0.152986 0.419768
vt 0.001562 0.475231
vt 0.133669 0.475284
vt 0.133663 0.490846
vt 0.001556 0.490793
vt 0.299417 0.245210
vt 0.155890 0.245259
vt 0.163972 0.231248
vt 0.291324 0.231205
vt 0.713231 0.715940
vt 0.713609 0.591607
vt 0.728941 0.591654
vt 0.317902 0.559256
vt 0.317845 0.574908
vt 0.300718 0.574846
vt 0.300775 0.559194
vt 0.713652 0.577595
vt 0.728984 0.577642
vt 0.317393 0.698141
vt 0.317336 0.713793
vt 0.001485 0.527098
vt 0.133592 0.527150
vt 0.133586 0.542712
vt 0.001479 0.542660
vt 0.589435 0.733705
vt 0.706877 0.734281
vt 0.706809 0.748115
vt 0.589367 0.747539
vt 0.713189 0.729952
vt 0.008983 0.198695
vt 0.127475 0.199317
vt 0.134932 0.212391
vt 0.001390 0.211690
vt 0.134402 0.298820
vt 0.134332 0.312817
vt 0.001717 0.312150
vt 0.001788 0.298153
vt 0.134351 0.363775
vt 0.134281 0.377772
vt 0.001666 0.377105
vt 0.001737 0.363108
vt 0.133599 0.509683
vt 0.133593 0.525245
vt 0.001486 0.525192
vt 0.001492 0.509631
vt 0.297093 0.488101
vt 0.288962 0.501985
vt 0.162285 0.501205
vt 0.154326 0.487221
vt 0.861700 0.592058
vt 0.877032 0.592104
vt 0.876654 0.716437
vt 0.135352 0.558589
vt 0.152479 0.558651
vt 0.152421 0.574303
vt 0.135295 0.574241
vt 0.861743 0.578046
vt 0.877075 0.578092
vt 0.134843 0.697472
vt 0.134786 0.713124
vt 0.001911 0.712637
vt 0.001969 0.696985
vt 0.133547 0.457021
vt 0.133541 0.472583
vt 0.001434 0.472530
vt 0.001440 0.456968
vt 0.428086 0.732914
vt 0.428018 0.746748
vt 0.310576 0.746172
vt 0.310643 0.732337
vt 0.876612 0.730449
vt 0.995607 0.716798
vt 0.995565 0.730810
vt 0.442089 0.624342
vt 0.449429 0.637142
vt 0.318504 0.636760
vt 0.325919 0.624003
vt 0.996027 0.578454
vt 0.995985 0.592466
vt 0.002420 0.573754
vt 0.002478 0.558102
vt 0.594698 0.577233
vt 0.450778 0.559744
vt 0.505424 0.590975
vt 0.505467 0.576963
vt 0.584136 0.577201
vt 0.462575 0.559788
vt 0.463029 0.436555
vt 0.451231 0.436511
vt 0.969654 0.683038
vt 0.985521 0.683183
vt 0.996099 0.695207
vt 0.980232 0.695063
vt 0.595075 0.452900
vt 0.584514 0.452868
vt 0.451289 0.420859
vt 0.463086 0.420903
vt 0.595118 0.438888
vt 0.584556 0.438856
vt 0.747099 0.640498
vt 0.729806 0.640524
vt 0.741434 0.627507
vt 0.758728 0.627482
vt 0.477990 0.438533
vt 0.492002 0.438575
vt 0.491960 0.452588
vt 0.477948 0.452545
vt 0.505843 0.452630
vt 0.505885 0.438618
vt 0.969528 0.696926
vt 0.985394 0.697071
vt 0.995973 0.709095
vt 0.980106 0.708951
vt 0.926745 0.569438
vt 0.927509 0.461852
vt 0.939392 0.455104
vt 0.938531 0.576354
vt 0.729363 0.453308
vt 0.729406 0.439296
vt 0.862164 0.439702
vt 0.862121 0.453714
vt 0.297536 0.522211
vt 0.297444 0.537170
vt 0.155712 0.536297
vt 0.155804 0.521338
vt 0.135088 0.182638
vt 0.001546 0.181937
vt 0.009140 0.168942
vt 0.127632 0.169565
vt 0.134952 0.112572
vt 0.134966 0.128248
vt 0.001880 0.128366
vt 0.001866 0.112689
vt 0.155300 0.467681
vt 0.163431 0.453797
vt 0.290108 0.454577
vt 0.298067 0.468561
vt 0.714031 0.453261
vt 0.318353 0.436022
vt 0.318410 0.420370
vt 0.134936 0.094975
vt 0.134950 0.110652
vt 0.001864 0.110769
vt 0.001850 0.095092
vt 0.154732 0.613386
vt 0.154792 0.596516
vt 0.298003 0.597024
vt 0.297943 0.613894
vt 0.714073 0.439249
vt 0.163961 0.197289
vt 0.155869 0.183284
vt 0.299396 0.183235
vt 0.291313 0.197246
vt 0.451747 0.297624
vt 0.463544 0.297668
vt 0.135239 0.331086
vt 0.135168 0.345083
vt 0.002553 0.344416
vt 0.002624 0.330419
vt 0.297840 0.653094
vt 0.154629 0.652587
vt 0.154689 0.635717
vt 0.297900 0.636225
vt 0.925885 0.455008
vt 0.925024 0.576258
vt 0.913238 0.569342
vt 0.914002 0.461757
vt 0.877453 0.453761
vt 0.135802 0.435358
vt 0.002929 0.434874
vt 0.002986 0.419222
vt 0.135859 0.419706
vt 0.297876 0.632829
vt 0.154665 0.632321
vt 0.154725 0.615452
vt 0.297936 0.615959
vt 0.001835 0.077496
vt 0.134921 0.077379
vt 0.134934 0.093055
vt 0.001849 0.093173
vt 0.877496 0.439749
vt 0.996447 0.440111
vt 0.996404 0.454123
vt 0.290524 0.400596
vt 0.162896 0.399938
vt 0.154863 0.385857
vt 0.298702 0.386599
vt 0.318858 0.297130
vt 0.301730 0.297068
vt 0.968079 0.455308
vt 0.979865 0.462224
vt 0.979101 0.569809
vt 0.967218 0.576558
vt 0.877877 0.315420
vt 0.862545 0.315372
vt 0.954524 0.462044
vt 0.966406 0.455296
vt 0.965545 0.576546
vt 0.953760 0.569629
vt 0.511308 0.786428
vt 0.511301 0.802648
vt 0.320350 0.802563
vt 0.320357 0.786343
vt 0.002138 0.624389
vt 0.009659 0.611583
vt 0.126588 0.612456
vt 0.133917 0.625373
vt 0.941016 0.461948
vt 0.952899 0.455200
vt 0.952038 0.576450
vt 0.940253 0.569533
vt 0.136306 0.296477
vt 0.153433 0.296538
vt 0.134123 0.597831
vt 0.126601 0.610637
vt 0.009673 0.609765
vt 0.002343 0.596847
vt 0.714456 0.314912
vt 0.729789 0.314959
vt 0.289146 0.472147
vt 0.297105 0.486130
vt 0.154338 0.485251
vt 0.162469 0.471366
vt 0.155111 0.337787
vt 0.298949 0.338528
vt 0.290772 0.352525
vt 0.163144 0.351867
vt 0.595493 0.314552
vt 0.584931 0.314520
vt 0.290855 0.336501
vt 0.163227 0.335844
vt 0.155194 0.321763
vt 0.299032 0.322505
vt 0.996460 0.655503
vt 0.985665 0.667334
vt 0.549942 0.698994
vt 0.549885 0.714646
vt 0.889496 0.650557
vt 0.878618 0.638257
vt 0.879743 0.682221
vt 0.890321 0.694245
vt 0.550452 0.560110
vt 0.550394 0.575762
vt 0.878723 0.622008
vt 0.889758 0.609849
vt 0.879616 0.696109
vt 0.890194 0.708134
vt 0.550964 0.421227
vt 0.550906 0.436880
vt 0.845095 0.640355
vt 0.856724 0.627339
vt 0.464645 0.019853
vt 0.464139 0.143118
vt 0.452339 0.143071
vt 0.452844 0.019804
vt 0.478749 0.175865
vt 0.478788 0.161850
vt 0.492803 0.161889
vt 0.492764 0.175904
vt 0.971078 0.596133
vt 0.987346 0.596238
vt 0.998224 0.608537
vt 0.981956 0.608432
vt 0.596273 0.037796
vt 0.595940 0.162176
vt 0.585376 0.162147
vt 0.585707 0.037769
vt 0.452910 0.004147
vt 0.464711 0.004196
vt 0.596309 0.023778
vt 0.585743 0.023751
vt 0.895627 0.680405
vt 0.879760 0.680260
vt 0.890555 0.668430
vt 0.906423 0.668574
vt 0.479136 0.023477
vt 0.493153 0.023513
vt 0.493117 0.037531
vt 0.479100 0.037495
vt 0.507006 0.037567
vt 0.507042 0.023549
vt 0.758769 0.655618
vt 0.741475 0.655643
vt 0.729809 0.642661
vt 0.747102 0.642636
vt 0.852856 0.547594
vt 0.739147 0.546781
vt 0.732016 0.534222
vt 0.860167 0.535138
vt 0.697372 0.765794
vt 0.697374 0.785187
vt 0.513636 0.785206
vt 0.513634 0.765813
vt 0.155484 0.437843
vt 0.298251 0.438723
vt 0.290120 0.452607
vt 0.163443 0.451827
vt 0.301786 0.281414
vt 0.153488 0.280886
vt 0.319753 0.593789
vt 0.319816 0.578576
vt 0.448963 0.579107
vt 0.448901 0.594320
vt 0.133904 0.627191
vt 0.126382 0.639997
vt 0.009454 0.639125
vt 0.002124 0.626208
vt 0.730633 0.038128
vt 0.730274 0.162575
vt 0.714933 0.162527
vt 0.715287 0.038094
vt 0.319357 0.158215
vt 0.302225 0.158152
vt 0.302280 0.142494
vt 0.319416 0.142557
vt 0.730228 0.176591
vt 0.714891 0.176544
vt 0.319912 0.019243
vt 0.319985 0.003582
vt 0.135045 0.042863
vt 0.135056 0.058539
vt 0.001970 0.058629
vt 0.001959 0.042953
vt 0.589290 0.763067
vt 0.589358 0.749233
vt 0.706801 0.749809
vt 0.706733 0.763643
vt 0.715317 0.024075
vt 0.291303 0.167249
vt 0.299395 0.181255
vt 0.155868 0.181303
vt 0.163951 0.167292
vt 0.302770 0.019166
vt 0.302850 0.003498
vt 0.730655 0.024105
vt 0.133548 0.455115
vt 0.001441 0.455063
vt 0.001447 0.439501
vt 0.133554 0.439554
vt 0.732118 0.519946
vt 0.860269 0.520862
vt 0.852958 0.533318
vt 0.739249 0.532505
vt 0.863456 0.038542
vt 0.878816 0.038640
vt 0.878360 0.163080
vt 0.863031 0.163026
vt 0.136793 0.157601
vt 0.136844 0.141952
vt 0.153969 0.142005
vt 0.153918 0.157657
vt 0.878313 0.177089
vt 0.862983 0.177038
vt 0.137190 0.018592
vt 0.004094 0.018814
vt 0.004068 0.003136
vt 0.137163 0.002914
vt 0.133656 0.508313
vt 0.001549 0.508260
vt 0.001555 0.492698
vt 0.133662 0.492751
vt 0.427942 0.762276
vt 0.310499 0.761700
vt 0.310567 0.747866
vt 0.428010 0.748442
vt 0.878928 0.024623
vt 0.997927 0.025571
vt 0.997815 0.039588
vt 0.290607 0.384572
vt 0.162979 0.383914
vt 0.154946 0.369834
vt 0.298784 0.370575
vt 0.154319 0.002885
vt 0.154355 0.018584
vt 0.863593 0.024498
vt 0.997284 0.163481
vt 0.997237 0.177490
vt 0.003942 0.157171
vt 0.003993 0.141522
vt 0.595900 0.176193
vt 0.452278 0.158727
vt 0.506689 0.161928
vt 0.506650 0.175943
vt 0.585337 0.176162
vt 0.464077 0.158773
vt 0.463603 0.282015
vt 0.451805 0.281970
vt 0.758684 0.597208
vt 0.747055 0.610224
vt 0.729761 0.610250
vt 0.741390 0.597233
vt 0.595535 0.300538
vt 0.584973 0.300507
vt 0.981773 0.636911
vt 0.970895 0.624612
vt 0.987162 0.624716
vt 0.998040 0.637015
vt 0.478361 0.314203
vt 0.478403 0.300190
vt 0.492415 0.300232
vt 0.492374 0.314245
vt 0.506299 0.300273
vt 0.506257 0.314286
vt 0.758706 0.612345
vt 0.747077 0.625361
vt 0.729783 0.625387
vt 0.741412 0.612370
vt 0.992608 0.569905
vt 0.980725 0.576654
vt 0.981587 0.455404
vt 0.993372 0.462320
vt 0.729833 0.300946
vt 0.862589 0.301361
vt 0.135267 0.380331
vt 0.135196 0.394328
vt 0.002581 0.393661
vt 0.002652 0.379664
vt 0.155884 0.229270
vt 0.163967 0.215259
vt 0.291319 0.215216
vt 0.299411 0.229221
vt 0.154859 0.577581
vt 0.298070 0.578089
vt 0.298010 0.594958
vt 0.154799 0.594451
vt 0.299406 0.213233
vt 0.155879 0.213281
vt 0.163962 0.199270
vt 0.291314 0.199227
vt 0.714499 0.300898
vt 0.318916 0.281476
vt 0.319745 0.595652
vt 0.448893 0.596183
vt 0.448831 0.611396
vt 0.319683 0.610865
vt 0.135044 0.040943
vt 0.001958 0.041033
vt 0.001947 0.025356
vt 0.135033 0.025266
vt 0.127485 0.197475
vt 0.008993 0.196853
vt 0.001536 0.183780
vt 0.135078 0.184481
vt 0.297433 0.539002
vt 0.297341 0.553961
vt 0.155608 0.553088
vt 0.155700 0.538129
vt 0.574153 0.762993
vt 0.574221 0.749159
vt 0.001982 0.076226
vt 0.001971 0.060549
vt 0.135057 0.060459
vt 0.135067 0.076136
vt 0.134922 0.214234
vt 0.127329 0.227228
vt 0.008837 0.226606
vt 0.001380 0.213532
vt 0.877920 0.301409
vt 0.136362 0.280826
vt 0.003438 0.296001
vt 0.003494 0.280350
vt 0.297833 0.655160
vt 0.297773 0.672029
vt 0.154562 0.671522
vt 0.154622 0.654652
vt 0.297766 0.674095
vt 0.297706 0.690965
vt 0.154495 0.690457
vt 0.154555 0.673588
vt 0.996866 0.301777
vt 0.996822 0.315788
vt 0.290762 0.354510
vt 0.298794 0.368590
vt 0.154956 0.367849
vt 0.163134 0.353852
vt 0.443148 0.748516
vt 0.443080 0.762350
vt 0.856765 0.655475
vt 0.845098 0.642493
vt 0.552616 0.004566
vt 0.552550 0.020223
vt 0.985539 0.681222
vt 0.996334 0.669392
vt 0.856680 0.597065
vt 0.845051 0.610081
vt 0.552032 0.143469
vt 0.551969 0.159124
vt 0.878893 0.595540
vt 0.889771 0.607839
vt 0.856702 0.612202
vt 0.845073 0.625218
vt 0.551484 0.282346
vt 0.551426 0.297999
vt 0.889588 0.636317
vt 0.878710 0.624018
vt 0.509396 0.783408
vt 0.320138 0.782567
vt 0.320219 0.764449
vt 0.509477 0.765290
vt 0.134430 0.348064
vt 0.134360 0.362061
vt 0.001745 0.361394
vt 0.001816 0.347398
vt 0.253841 0.018889
vt 0.253966 0.003207
vt 0.530988 0.762781
vt 0.531056 0.748947
vt 0.486312 0.748728
vt 0.486244 0.762562
vt 0.090651 0.314311
vt 0.134323 0.314531
vt 0.134253 0.328528
vt 0.090581 0.328308
vt 0.819820 0.023996
vt 0.819762 0.037980
vt 0.001709 0.313864
vt 0.045381 0.314083
vt 0.045311 0.328080
vt 0.001638 0.327861
vt 0.774443 0.024140
vt 0.774465 0.038190
vt 0.203202 0.018299
vt 0.203256 0.002664
vt 0.527519 0.751103
vt 0.489828 0.750918
vt 0.489782 0.760406
vt 0.527472 0.760591
vt 0.464154 0.849430
vt 0.625494 0.849477
vt 0.625493 0.851620
vt 0.464154 0.851573
vt 0.320918 0.687209
vt 0.320874 0.670451
vt 0.382226 0.670293
vt 0.382269 0.687051
vt 0.113202 0.645370
vt 0.115194 0.648596
vt 0.047386 0.687086
vt 0.041356 0.644390
vt 0.359959 0.832779
vt 0.307180 0.832763
vt 0.307182 0.824791
vt 0.359961 0.824806
vt 0.129139 0.690747
vt 0.051172 0.690082
vt 0.051343 0.686295
vt 0.113648 0.650506
vt 0.300825 0.858814
vt 0.300825 0.856167
vt 0.379525 0.856189
vt 0.379524 0.858837
vt 0.463894 0.847071
vt 0.463895 0.843015
vt 0.584450 0.843050
vt 0.584449 0.847106
vt 0.459604 0.856584
vt 0.459604 0.859231
vt 0.380905 0.859209
vt 0.380905 0.856562
vt 0.595238 0.854091
vt 0.595237 0.858513
vt 0.463748 0.858475
vt 0.463749 0.854053
vt 0.709515 0.460832
vt 0.709515 0.570108
vt 0.600240 0.570108
vt 0.600240 0.460832
vt 0.925413 0.937961
vt 0.925403 0.933995
vt 0.939351 0.933958
vt 0.939361 0.937924
vt 0.953299 0.933921
vt 0.953309 0.937888
vt 0.967247 0.933885
vt 0.967257 0.937851
vt 0.883569 0.938070
vt 0.883558 0.934104
vt 0.897507 0.934068
vt 0.897517 0.938034
vt 0.579370 0.229599
vt 0.551799 0.277319
vt 0.496687 0.277303
vt 0.469145 0.229566
vt 0.911454 0.934031
vt 0.911465 0.937997
vt 0.925427 0.943044
vt 0.911478 0.943081
vt 0.911468 0.939114
vt 0.925416 0.939078
vt 0.897530 0.943117
vt 0.897520 0.939151
vt 0.883582 0.943154
vt 0.883572 0.939187
vt 0.967271 0.942935
vt 0.953323 0.942971
vt 0.953312 0.939005
vt 0.967261 0.938968
vt 0.836369 0.685643
vt 0.771575 0.685682
vt 0.787757 0.657615
vt 0.820154 0.657596
vt 0.939375 0.943008
vt 0.939364 0.939041
vt 0.551828 0.181863
vt 0.496716 0.181846
vt 0.820188 0.713710
vt 0.787790 0.713729
vt 0.925413 0.937961
vt 0.939361 0.937924
vt 0.939351 0.933958
vt 0.925403 0.933995
vt 0.953309 0.937888
vt 0.953299 0.933921
vt 0.967257 0.937851
vt 0.967247 0.933885
vt 0.883569 0.938070
vt 0.897517 0.938034
vt 0.897507 0.934068
vt 0.883558 0.934104
vt 0.579370 0.229599
vt 0.469145 0.229566
vt 0.496687 0.277303
vt 0.551799 0.277319
vt 0.911465 0.937997
vt 0.911454 0.934031
vt 0.925427 0.943044
vt 0.925416 0.939078
vt 0.911468 0.939114
vt 0.911478 0.943081
vt 0.897520 0.939151
vt 0.897530 0.943117
vt 0.883572 0.939187
vt 0.883582 0.943154
vt 0.967271 0.942935
vt 0.967261 0.938968
vt 0.953312 0.939005
vt 0.953323 0.942971
vt 0.836369 0.685643
vt 0.820154 0.657596
vt 0.787757 0.657615
vt 0.771575 0.685682
vt 0.939364 0.939041
vt 0.939375 0.943008
vt 0.551828 0.181863
vt 0.496716 0.181846
vt 0.820188 0.713710
vt 0.787790 0.713729
vt 0.883503 0.933128
vt 0.883439 0.908958
vt 0.911318 0.908886
vt 0.911381 0.933055
vt 0.939197 0.908813
vt 0.939260 0.932982
vt 0.967076 0.908740
vt 0.967139 0.932909
vt 0.947191 0.907090
vt 0.926016 0.907146
vt 0.925952 0.882976
vt 0.947127 0.882920
vt 0.904841 0.907201
vt 0.904777 0.883031
vt 0.883666 0.907257
vt 0.883603 0.883086
vt 0.466496 0.684143
vt 0.496062 0.636934
vt 0.502339 0.648768
vt 0.479883 0.684624
vt 0.546986 0.657709
vt 0.569179 0.699549
vt 0.557797 0.699140
vt 0.540941 0.667362
vt 0.551730 0.638933
vt 0.544620 0.650287
vt 0.499655 0.656009
vt 0.504992 0.666070
vt 0.577832 0.688144
vt 0.564445 0.687662
vt 0.474516 0.696148
vt 0.485899 0.696557
vt 0.850466 0.039993
vt 0.850466 0.161595
vt 0.749267 0.101567
vt 0.749267 0.100020
vt 0.672013 0.817565
vt 0.672011 0.823792
vt 0.618356 0.823777
vt 0.618358 0.817549
vt 0.617651 0.823776
vt 0.617652 0.817549
vt 0.340880 0.300511
vt 0.437656 0.357916
vt 0.437656 0.359395
vt 0.340880 0.416799
vt 0.344140 0.817486
vt 0.397795 0.817502
vt 0.397794 0.823729
vt 0.344139 0.823713
vt 0.398501 0.817502
vt 0.398499 0.823729
vt 0.342755 0.159725
vt 0.442609 0.218954
vt 0.442609 0.220481
vt 0.342755 0.279710
vt 0.508181 0.823761
vt 0.508183 0.817534
vt 0.508889 0.817534
vt 0.508887 0.823761
vt 0.837718 0.994799
vt 0.837705 0.985587
vt 0.917081 0.985480
vt 0.917093 0.994692
vt 0.892696 0.437774
vt 0.892696 0.317922
vt 0.992438 0.377086
vt 0.992438 0.378610
vt 0.918125 0.985479
vt 0.918137 0.994691
vt 0.701346 0.040693
vt 0.701346 0.159522
vt 0.602455 0.100863
vt 0.602455 0.099352
vt 0.997478 0.969141
vt 0.918103 0.969248
vt 0.918090 0.960036
vt 0.997466 0.959928
vt 0.917047 0.960037
vt 0.917059 0.969249
vt 0.997495 0.981862
vt 0.918120 0.981969
vt 0.918107 0.972757
vt 0.997483 0.972650
vt 0.917076 0.981971
vt 0.917064 0.972759
vt 0.895099 0.299219
vt 0.895099 0.178677
vt 0.995416 0.238181
vt 0.995416 0.239715
vt 0.452156 0.817518
vt 0.452154 0.823745
vt 0.700684 0.298192
vt 0.601290 0.239235
vt 0.601290 0.237715
vt 0.700684 0.178758
vt 0.562544 0.817549
vt 0.562542 0.823776
vt 0.698052 0.437061
vt 0.597963 0.377692
vt 0.597963 0.376162
vt 0.698052 0.316793
vt 0.841237 0.299109
vt 0.741255 0.239804
vt 0.741255 0.238275
vt 0.841237 0.178969
vt 0.850466 0.039993
vt 0.850466 0.161595
vt 0.749267 0.101567
vt 0.749267 0.100020
vt 0.672013 0.817565
vt 0.672011 0.823792
vt 0.618356 0.823777
vt 0.618358 0.817549
vt 0.617651 0.823776
vt 0.617652 0.817549
vt 0.340880 0.300511
vt 0.437656 0.357916
vt 0.437656 0.359395
vt 0.340880 0.416799
vt 0.344140 0.817486
vt 0.397795 0.817502
vt 0.397794 0.823729
vt 0.344139 0.823713
vt 0.398501 0.817502
vt 0.398499 0.823729
vt 0.342755 0.159725
vt 0.442609 0.218954
vt 0.442609 0.220481
vt 0.342755 0.279710
vt 0.454528 0.817518
vt 0.508183 0.817534
vt 0.508181 0.823761
vt 0.454526 0.823745
vt 0.508889 0.817534
vt 0.508887 0.823761
vt 0.839369 0.317274
vt 0.838229 0.437576
vt 0.738676 0.377242
vt 0.738690 0.375711
vt 0.837718 0.994799
vt 0.837705 0.985587
vt 0.917081 0.985480
vt 0.917093 0.994692
vt 0.997513 0.994584
vt 0.918137 0.994691
vt 0.918125 0.985479
vt 0.997500 0.985371
vt 0.892696 0.437774
vt 0.892696 0.317922
vt 0.992438 0.377086
vt 0.992438 0.378610
vt 0.701346 0.040693
vt 0.701346 0.159522
vt 0.602455 0.100863
vt 0.602455 0.099352
vt 0.837683 0.969356
vt 0.837671 0.960144
vt 0.917047 0.960037
vt 0.917059 0.969249
vt 0.997478 0.969141
vt 0.918103 0.969248
vt 0.918090 0.960036
vt 0.997466 0.959928
vt 0.347290 0.140708
vt 0.347290 0.020726
vt 0.447141 0.079954
vt 0.447141 0.081480
vt 0.898281 0.042066
vt 0.995734 0.099872
vt 0.995734 0.101362
vt 0.898281 0.159167
vt 0.997495 0.981862
vt 0.918120 0.981969
vt 0.918107 0.972757
vt 0.997483 0.972650
vt 0.917076 0.981971
vt 0.917064 0.972759
vt 0.563998 0.817534
vt 0.563996 0.823761
vt 0.895099 0.299219
vt 0.895099 0.178677
vt 0.995416 0.238181
vt 0.995416 0.239715
vt 0.452156 0.817518
vt 0.452154 0.823745
vt 0.700684 0.298192
vt 0.601290 0.239235
vt 0.601290 0.237715
vt 0.700684 0.178758
vt 0.562544 0.817549
vt 0.562542 0.823776
vt 0.698052 0.437061
vt 0.597963 0.377692
vt 0.597963 0.376162
vt 0.698052 0.316793
vt 0.837700 0.982078
vt 0.837688 0.972866
vt 0.841237 0.299109
vt 0.741255 0.239804
vt 0.741255 0.238275
vt 0.841237 0.178969
vt 0.850466 0.039993
vt 0.850466 0.161595
vt 0.749267 0.101567
vt 0.749267 0.100020
vt 0.672013 0.817565
vt 0.672011 0.823792
vt 0.618356 0.823777
vt 0.618358 0.817549
vt 0.617651 0.823776
vt 0.617652 0.817549
vt 0.340880 0.300511
vt 0.437656 0.357916
vt 0.437656 0.359395
vt 0.340880 0.416799
vt 0.344140 0.817486
vt 0.397795 0.817502
vt 0.397794 0.823729
vt 0.344139 0.823713
vt 0.398501 0.817502
vt 0.398499 0.823729
vt 0.342755 0.159725
vt 0.442609 0.218954
vt 0.442609 0.220481
vt 0.342755 0.279710
vt 0.454528 0.817518
vt 0.508183 0.817534
vt 0.508181 0.823761
vt 0.454526 0.823745
vt 0.508889 0.817534
vt 0.508887 0.823761
vt 0.839369 0.317274
vt 0.838229 0.437576
vt 0.738676 0.377242
vt 0.738690 0.375711
vt 0.837718 0.994799
vt 0.837705 0.985587
vt 0.917081 0.985480
vt 0.917093 0.994692
vt 0.997513 0.994584
vt 0.918137 0.994691
vt 0.918125 0.985479
vt 0.997500 0.985371
vt 0.892696 0.437774
vt 0.892696 0.317922
vt 0.992438 0.377086
vt 0.992438 0.378610
vt 0.701346 0.040693
vt 0.701346 0.159522
vt 0.602455 0.100863
vt 0.602455 0.099352
vt 0.837683 0.969356
vt 0.837671 0.960144
vt 0.917047 0.960037
vt 0.917059 0.969249
vt 0.997478 0.969141
vt 0.918103 0.969248
vt 0.918090 0.960036
vt 0.997466 0.959928
vt 0.347290 0.140708
vt 0.347290 0.020726
vt 0.447141 0.079954
vt 0.447141 0.081480
vt 0.898281 0.042066
vt 0.995734 0.099872
vt 0.995734 0.101362
vt 0.898281 0.159167
vt 0.997495 0.981862
vt 0.918120 0.981969
vt 0.918107 0.972757
vt 0.997483 0.972650
vt 0.917076 0.981971
vt 0.917064 0.972759
vt 0.563998 0.817534
vt 0.563996 0.823761
vt 0.895099 0.299219
vt 0.895099 0.178677
vt 0.995416 0.238181
vt 0.995416 0.239715
vt 0.452156 0.817518
vt 0.452154 0.823745
vt 0.700684 0.298192
vt 0.601290 0.239235
vt 0.601290 0.237715
vt 0.700684 0.178758
vt 0.562544 0.817549
vt 0.562542 0.823776
vt 0.698052 0.437061
vt 0.597963 0.377692
vt 0.597963 0.376162
vt 0.698052 0.316793
vt 0.837700 0.982078
vt 0.837688 0.972866
vt 0.841237 0.299109
vt 0.741255 0.239804
vt 0.741255 0.238275
vt 0.841237 0.178969
vt 0.850466 0.039993
vt 0.850466 0.161595
vt 0.749267 0.101567
vt 0.749267 0.100020
vt 0.672013 0.817565
vt 0.672011 0.823792
vt 0.618356 0.823777
vt 0.618358 0.817549
vt 0.617651 0.823776
vt 0.617652 0.817549
vt 0.340880 0.300511
vt 0.437656 0.357916
vt 0.437656 0.359395
vt 0.340880 0.416799
vt 0.344140 0.817486
vt 0.397795 0.817502
vt 0.397794 0.823729
vt 0.344139 0.823713
vt 0.398501 0.817502
vt 0.398499 0.823729
vt 0.342755 0.159725
vt 0.442609 0.218954
vt 0.442609 0.220481
vt 0.342755 0.279710
vt 0.454528 0.817518
vt 0.508183 0.817534
vt 0.508181 0.823761
vt 0.454526 0.823745
vt 0.508889 0.817534
vt 0.508887 0.823761
vt 0.839369 0.317274
vt 0.838229 0.437576
vt 0.738676 0.377242
vt 0.738690 0.375711
vt 0.837718 0.994799
vt 0.837705 0.985587
vt 0.917081 0.985480
vt 0.917093 0.994692
vt 0.997513 0.994584
vt 0.918137 0.994691
vt 0.918125 0.985479
vt 0.997500 0.985371
vt 0.892696 0.437774
vt 0.892696 0.317922
vt 0.992438 0.377086
vt 0.992438 0.378610
vt 0.701346 0.040693
vt 0.701346 0.159522
vt 0.602455 0.100863
vt 0.602455 0.099352
vt 0.837683 0.969356
vt 0.837671 0.960144
vt 0.917047 0.960037
vt 0.917059 0.969249
vt 0.997478 0.969141
vt 0.918103 0.969248
vt 0.918090 0.960036
vt 0.997466 0.959928
vt 0.347290 0.140708
vt 0.347290 0.020726
vt 0.447141 0.079954
vt 0.447141 0.081480
vt 0.898281 0.042066
vt 0.995734 0.099872
vt 0.995734 0.101362
vt 0.898281 0.159167
vt 0.997495 0.981862
vt 0.918120 0.981969
vt 0.918107 0.972757
vt 0.997483 0.972650
vt 0.917076 0.981971
vt 0.917064 0.972759
vt 0.563998 0.817534
vt 0.563996 0.823761
vt 0.895099 0.299219
vt 0.895099 0.178677
vt 0.995416 0.238181
vt 0.995416 0.239715
vt 0.452156 0.817518
vt 0.452154 0.823745
vt 0.700684 0.298192
vt 0.601290 0.239235
vt 0.601290 0.237715
vt 0.700684 0.178758
vt 0.562544 0.817549
vt 0.562542 0.823776
vt 0.698052 0.437061
vt 0.597963 0.377692
vt 0.597963 0.376162
vt 0.698052 0.316793
vt 0.837700 0.982078
vt 0.837688 0.972866
vt 0.841237 0.299109
vt 0.741255 0.239804
vt 0.741255 0.238275
vt 0.841237 0.178969
vt 0.850466 0.039993
vt 0.850466 0.161595
vt 0.749267 0.101567
vt 0.749267 0.100020
vt 0.672013 0.817565
vt 0.672011 0.823792
vt 0.618356 0.823777
vt 0.618358 0.817549
vt 0.617651 0.823776
vt 0.617652 0.817549
vt 0.340880 0.300511
vt 0.437656 0.357916
vt 0.437656 0.359395
vt 0.340880 0.416799
vt 0.344140 0.817486
vt 0.397795 0.817502
vt 0.397794 0.823729
vt 0.344139 0.823713
vt 0.398501 0.817502
vt 0.398499 0.823729
vt 0.342755 0.159725
vt 0.442609 0.218954
vt 0.442609 0.220481
vt 0.342755 0.279710
vt 0.454528 0.817518
vt 0.508183 0.817534
vt 0.508181 0.823761
vt 0.454526 0.823745
vt 0.508889 0.817534
vt 0.508887 0.823761
vt 0.839369 0.317274
vt 0.838229 0.437576
vt 0.738676 0.377242
vt 0.738690 0.375711
vt 0.837718 0.994799
vt 0.837705 0.985587
vt 0.917081 0.985480
vt 0.917093 0.994692
vt 0.997513 0.994584
vt 0.918137 0.994691
vt 0.918125 0.985479
vt 0.997500 0.985371
vt 0.892696 0.437774
vt 0.892696 0.317922
vt 0.992438 0.377086
vt 0.992438 0.378610
vt 0.701346 0.040693
vt 0.701346 0.159522
vt 0.602455 0.100863
vt 0.602455 0.099352
vt 0.837683 0.969356
vt 0.837671 0.960144
vt 0.917047 0.960037
vt 0.917059 0.969249
vt 0.997478 0.969141
vt 0.918103 0.969248
vt 0.918090 0.960036
vt 0.997466 0.959928
vt 0.347290 0.140708
vt 0.347290 0.020726
vt 0.447141 0.079954
vt 0.447141 0.081480
vt 0.898281 0.042066
vt 0.995734 0.099872
vt 0.995734 0.101362
vt 0.898281 0.159167
vt 0.997495 0.981862
vt 0.918120 0.981969
vt 0.918107 0.972757
vt 0.997483 0.972650
vt 0.917076 0.981971
vt 0.917064 0.972759
vt 0.563998 0.817534
vt 0.563996 0.823761
vt 0.895099 0.299219
vt 0.895099 0.178677
vt 0.995416 0.238181
vt 0.995416 0.239715
vt 0.452156 0.817518
vt 0.452154 0.823745
vt 0.700684 0.298192
vt 0.601290 0.239235
vt 0.601290 0.237715
vt 0.700684 0.178758
vt 0.562544 0.817549
vt 0.562542 0.823776
vt 0.698052 0.437061
vt 0.597963 0.377692
vt 0.597963 0.376162
vt 0.698052 0.316793
vt 0.837700 0.982078
vt 0.837688 0.972866
vt 0.841237 0.299109
vt 0.741255 0.239804
vt 0.741255 0.238275
vt 0.841237 0.178969
vt 0.454528 0.817518
vt 0.454526 0.823745
vt 0.839369 0.317274
vt 0.838229 0.437576
vt 0.738676 0.377242
vt 0.738690 0.375711
vt 0.997513 0.994584
vt 0.997500 0.985371
vt 0.837683 0.969356
vt 0.837671 0.960144
vt 0.347290 0.140708
vt 0.347290 0.020726
vt 0.447141 0.079954
vt 0.447141 0.081480
vt 0.898281 0.042066
vt 0.995734 0.099872
vt 0.995734 0.101362
vt 0.898281 0.159167
vt 0.563998 0.817534
vt 0.563996 0.823761
vt 0.837700 0.982078
vt 0.837688 0.972866
vt 0.891441 0.731650
vt 0.951935 0.731891
vt 0.947034 0.745563
vt 0.896232 0.745361
vt 0.874117 0.741560
vt 0.883508 0.752641
vt 0.857932 0.796535
vt 0.843662 0.793830
vt 0.823083 0.944366
vt 0.823080 0.946236
vt 0.810310 0.946214
vt 0.810313 0.944343
vt 0.362145 0.860670
vt 0.362141 0.862950
vt 0.346450 0.862922
vt 0.346454 0.860643
vt 0.968683 0.866675
vt 0.959293 0.855594
vt 0.984868 0.811699
vt 0.999139 0.814405
vt 0.951360 0.876585
vt 0.890866 0.876344
vt 0.895766 0.862672
vt 0.946568 0.862873
vt 0.999218 0.794448
vt 0.984927 0.797040
vt 0.959701 0.752943
vt 0.969179 0.741938
vt 0.843583 0.813787
vt 0.857874 0.811195
vt 0.883100 0.855292
vt 0.873622 0.866297
vt 0.946421 0.747815
vt 0.958044 0.754587
vt 0.885152 0.754298
vt 0.896828 0.747618
vt 0.860131 0.810600
vt 0.860184 0.797149
vt 0.982670 0.797635
vt 0.982617 0.811086
vt 0.957649 0.853937
vt 0.945973 0.860617
vt 0.896379 0.860420
vt 0.884757 0.853648
vt 0.945193 0.750099
vt 0.886298 0.852125
vt 0.862445 0.810819
vt 0.897494 0.750103
vt 0.582766 0.861054
vt 0.582762 0.863333
vt 0.567071 0.863306
vt 0.567075 0.861027
vt 0.493535 0.860899
vt 0.493531 0.863178
vt 0.435681 0.863077
vt 0.435685 0.860798
vt 0.419991 0.863050
vt 0.419994 0.860771
vt 0.714156 0.861283
vt 0.714152 0.863562
vt 0.656302 0.863461
vt 0.656306 0.861182
vt 0.288600 0.862822
vt 0.288604 0.860542
vt 0.729847 0.861310
vt 0.729843 0.863589
vt 0.509225 0.860926
vt 0.509221 0.863205
vt 0.640616 0.861155
vt 0.640612 0.863434
vt 0.700666 0.803413
vt 0.696759 0.804442
vt 0.696821 0.790047
vt 0.700719 0.791109
vt 0.729589 0.741598
vt 0.726744 0.738729
vt 0.739242 0.731585
vt 0.740271 0.735492
vt 0.797583 0.735738
vt 0.798646 0.731840
vt 0.811082 0.739092
vt 0.808213 0.741936
vt 0.739738 0.859368
vt 0.738676 0.863266
vt 0.726240 0.856015
vt 0.729109 0.853171
vt 0.807733 0.853509
vt 0.810577 0.856378
vt 0.798080 0.863522
vt 0.797051 0.859615
vt 0.836656 0.791694
vt 0.840563 0.790665
vt 0.840501 0.805060
vt 0.836603 0.803998
vt 0.862445 0.797882
vt 0.886291 0.756572
vt 0.738058 0.944218
vt 0.738055 0.946088
vt 0.678570 0.945985
vt 0.678573 0.944114
vt 0.750825 0.946110
vt 0.750828 0.944240
vt 0.665800 0.945962
vt 0.665803 0.944092
vt 0.521293 0.943841
vt 0.521290 0.945711
vt 0.461805 0.945607
vt 0.461809 0.943737
vt 0.534063 0.943863
vt 0.534060 0.945733
vt 0.282733 0.856280
vt 0.282725 0.860941
vt 0.134490 0.860683
vt 0.134498 0.856023
vt 0.449035 0.945585
vt 0.449038 0.943715
vt 0.606315 0.945859
vt 0.606318 0.943988
vt 0.593548 0.943966
vt 0.593545 0.945837
vt 0.956397 0.756567
vt 0.897502 0.858593
vt 0.980249 0.797873
vt 0.945200 0.858590
vt 0.980250 0.810811
vt 0.956404 0.852120
vt 0.806860 0.850610
vt 0.796684 0.856599
vt 0.741684 0.857058
vt 0.731410 0.851240
vt 0.703512 0.803839
vt 0.833962 0.802750
vt 0.703414 0.792032
vt 0.833863 0.790943
vt 0.730516 0.744172
vt 0.805966 0.743542
vt 0.740692 0.738183
vt 0.795691 0.737723
vt 0.112418 0.957346
vt 0.001786 0.957154
vt 0.001804 0.946563
vt 0.112437 0.946755
vt 0.264775 0.998472
vt 0.264805 0.965953
vt 0.278857 0.965966
vt 0.278826 0.998485
vt 0.126488 0.946779
vt 0.126470 0.957371
vt 0.417562 0.998617
vt 0.417593 0.966098
vt 0.542277 0.966217
vt 0.542246 0.998735
vt 0.857850 0.505047
vt 0.732231 0.504148
vt 0.739397 0.491939
vt 0.850859 0.492736
vt 0.045716 0.860416
vt 0.047272 0.854656
vt 0.118409 0.854800
vt 0.119942 0.860566
vt 0.680982 0.998868
vt 0.681013 0.966349
vt 0.695065 0.966362
vt 0.695034 0.998881
vt 0.749908 0.947864
vt 0.749890 0.958455
vt 0.735838 0.958431
vt 0.735856 0.947839
vt 0.625206 0.958238
vt 0.625224 0.947647
vt 0.403510 0.998603
vt 0.403541 0.966085
vt 0.611154 0.958214
vt 0.611173 0.947623
vt 0.156204 0.107497
vt 0.164397 0.093404
vt 0.292745 0.093792
vt 0.300853 0.107934
vt 0.038480 0.856218
vt 0.042707 0.852008
vt 0.001497 0.791862
vt 0.007263 0.790329
vt 0.515223 0.959802
vt 0.634719 0.960010
vt 0.634709 0.965419
vt 0.515213 0.965212
vt 0.042967 0.723518
vt 0.038757 0.719290
vt 0.046010 0.715122
vt 0.047542 0.720889
vt 0.007274 0.785053
vt 0.001514 0.783497
vt 0.763079 0.960233
vt 0.763069 0.965643
vt 0.643573 0.965435
vt 0.643582 0.960025
vt 0.130143 0.959132
vt 0.130134 0.964542
vt 0.121270 0.964526
vt 0.121279 0.959117
vt 0.118680 0.721032
vt 0.120236 0.715273
vt 0.001774 0.964319
vt 0.001783 0.958909
vt 0.771942 0.960249
vt 0.771933 0.965658
vt 0.140091 0.998353
vt 0.140122 0.965834
vt 0.237121 0.946972
vt 0.237102 0.957563
vt 0.739297 0.505967
vt 0.850759 0.506764
vt 0.857750 0.519076
vt 0.732130 0.518177
vt 0.500540 0.947430
vt 0.500522 0.958021
vt 0.851060 0.464678
vt 0.858051 0.476989
vt 0.732432 0.476090
vt 0.739598 0.463881
vt 0.249639 0.959340
vt 0.249630 0.964750
vt 0.251154 0.957587
vt 0.251172 0.946996
vt 0.361805 0.947189
vt 0.361786 0.957780
vt 0.126039 0.998339
vt 0.126070 0.965821
vt 0.819749 0.966481
vt 0.819718 0.999000
vt 0.300944 0.077662
vt 0.292751 0.091755
vt 0.164403 0.091368
vt 0.156295 0.077225
vt 0.556298 0.998749
vt 0.556329 0.966230
vt 0.375856 0.947213
vt 0.375838 0.957804
vt 0.486470 0.957997
vt 0.486489 0.947406
vt 0.833801 0.966494
vt 0.833770 0.999013
vt 0.001355 0.998221
vt 0.001386 0.965702
vt 0.857950 0.491018
vt 0.732331 0.490119
vt 0.739497 0.477909
vt 0.850960 0.478707
vt 0.122984 0.852170
vt 0.127195 0.856398
vt 0.158678 0.790635
vt 0.164437 0.792191
vt 0.123244 0.723680
vt 0.127471 0.719470
vt 0.158688 0.785359
vt 0.164454 0.783826
vt 0.386863 0.959579
vt 0.506359 0.959787
vt 0.506349 0.965196
vt 0.386853 0.964988
vt 0.258503 0.959356
vt 0.258493 0.964765
vt 0.377999 0.959563
vt 0.377989 0.964973
vt 0.043487 0.727784
vt 0.050630 0.723679
vt 0.115494 0.723810
vt 0.122621 0.727944
vt 0.043243 0.848370
vt 0.122377 0.848530
vt 0.115234 0.852635
vt 0.050370 0.852504
vt 0.010925 0.792131
vt 0.154923 0.792422
vt 0.010942 0.783892
vt 0.154939 0.784183
vt 0.282230 0.718969
vt 0.201953 0.718958
vt 0.206523 0.716320
vt 0.277660 0.716330
vt 0.317790 0.780580
vt 0.166375 0.780560
vt 0.317789 0.785857
vt 0.166375 0.785837
vt 0.282212 0.847459
vt 0.201935 0.847448
vt 0.277642 0.850097
vt 0.206505 0.850087
vt 0.474966 0.139593
vt 0.475647 0.041343
vt 0.497250 0.063247
vt 0.496871 0.117990
vt 0.546403 0.067776
vt 0.546403 0.111666
vt 0.502514 0.111666
vt 0.502514 0.067776
vt 0.470477 0.649342
vt 0.470477 0.597132
vt 0.516151 0.622176
vt 0.516151 0.624298
vt 0.518006 0.337972
vt 0.518006 0.399193
vt 0.464448 0.369827
vt 0.464448 0.367339
vt 0.574214 0.597132
vt 0.574214 0.649342
vt 0.528540 0.624298
vt 0.528540 0.622176
vt 0.573897 0.042024
vt 0.573216 0.140273
vt 0.551614 0.118369
vt 0.551993 0.063626
vt 0.465985 0.649342
vt 0.465985 0.597132
vt 0.524616 0.399568
vt 0.524616 0.338347
vt 0.529883 0.338347
vt 0.529883 0.399568
vt 0.583441 0.367714
vt 0.583441 0.370202
vt 0.968080 0.908168
vt 0.986295 0.908121
vt 0.986311 0.914083
vt 0.968095 0.914130
vt 0.968129 0.926989
vt 0.986344 0.926942
vt 0.986360 0.932904
vt 0.968145 0.932952
vt 0.968154 0.936400
vt 0.986369 0.936352
vt 0.986384 0.942314
vt 0.968169 0.942362
vt 0.986335 0.923493
vt 0.968120 0.923541
vt 0.968104 0.917579
vt 0.986320 0.917531
vt 0.474966 0.139593
vt 0.475647 0.041343
vt 0.497250 0.063247
vt 0.496871 0.117990
vt 0.546403 0.067776
vt 0.546403 0.111666
vt 0.502514 0.111666
vt 0.502514 0.067776
vt 0.470477 0.649342
vt 0.470477 0.597132
vt 0.516151 0.622176
vt 0.516151 0.624298
vt 0.518006 0.337972
vt 0.518006 0.399193
vt 0.464448 0.369827
vt 0.464448 0.367339
vt 0.574214 0.597132
vt 0.574214 0.649342
vt 0.528540 0.624298
vt 0.528540 0.622176
vt 0.573897 0.042024
vt 0.573216 0.140273
vt 0.551614 0.118369
vt 0.551993 0.063626
vt 0.465985 0.649342
vt 0.465985 0.597132
vt 0.523273 0.337972
vt 0.523273 0.399193
vt 0.578706 0.597132
vt 0.578706 0.649342
vt 0.524616 0.399568
vt 0.524616 0.338347
vt 0.529883 0.338347
vt 0.529883 0.399568
vt 0.583441 0.367714
vt 0.583441 0.370202
vt 0.968080 0.908168
vt 0.986295 0.908121
vt 0.986311 0.914083
vt 0.968095 0.914130
vt 0.968129 0.926989
vt 0.986344 0.926942
vt 0.986360 0.932904
vt 0.968145 0.932952
vt 0.968154 0.936400
vt 0.986369 0.936352
vt 0.986384 0.942314
vt 0.968169 0.942362
vt 0.986335 0.923493
vt 0.968120 0.923541
vt 0.968104 0.917579
vt 0.986320 0.917531
vt 0.474966 0.139593
vt 0.475647 0.041343
vt 0.497250 0.063247
vt 0.496871 0.117990
vt 0.546403 0.067776
vt 0.546403 0.111666
vt 0.502514 0.111666
vt 0.502514 0.067776
vt 0.470477 0.649342
vt 0.470477 0.597132
vt 0.516151 0.622176
vt 0.516151 0.624298
vt 0.518006 0.337972
vt 0.518006 0.399193
vt 0.464448 0.369827
vt 0.464448 0.367339
vt 0.574214 0.597132
vt 0.574214 0.649342
vt 0.528540 0.624298
vt 0.528540 0.622176
vt 0.573897 0.042024
vt 0.573216 0.140273
vt 0.551614 0.118369
vt 0.551993 0.063626
vt 0.465985 0.649342
vt 0.465985 0.597132
vt 0.523273 0.337972
vt 0.523273 0.399193
vt 0.578706 0.597132
vt 0.578706 0.649342
vt 0.524616 0.399568
vt 0.524616 0.338347
vt 0.529883 0.338347
vt 0.529883 0.399568
vt 0.583441 0.367714
vt 0.583441 0.370202
vt 0.968080 0.908168
vt 0.986295 0.908121
vt 0.986311 0.914083
vt 0.968095 0.914130
vt 0.968129 0.926989
vt 0.986344 0.926942
vt 0.986360 0.932904
vt 0.968145 0.932952
vt 0.968154 0.936400
vt 0.986369 0.936352
vt 0.986384 0.942314
vt 0.968169 0.942362
vt 0.986335 0.923493
vt 0.968120 0.923541
vt 0.968104 0.917579
vt 0.986320 0.917531
vt 0.474966 0.139593
vt 0.475647 0.041343
vt 0.497250 0.063247
vt 0.496871 0.117990
vt 0.546403 0.067776
vt 0.546403 0.111666
vt 0.502514 0.111666
vt 0.502514 0.067776
vt 0.470477 0.649342
vt 0.470477 0.597132
vt 0.516151 0.622176
vt 0.516151 0.624298
vt 0.518006 0.337972
vt 0.518006 0.399193
vt 0.464448 0.369827
vt 0.464448 0.367339
vt 0.574214 0.597132
vt 0.574214 0.649342
vt 0.528540 0.624298
vt 0.528540 0.622176
vt 0.573897 0.042024
vt 0.573216 0.140273
vt 0.551614 0.118369
vt 0.551993 0.063626
vt 0.465985 0.649342
vt 0.465985 0.597132
vt 0.523273 0.337972
vt 0.523273 0.399193
vt 0.578706 0.597132
vt 0.578706 0.649342
vt 0.524616 0.399568
vt 0.524616 0.338347
vt 0.529883 0.338347
vt 0.529883 0.399568
vt 0.583441 0.367714
vt 0.583441 0.370202
vt 0.968080 0.908168
vt 0.986295 0.908121
vt 0.986311 0.914083
vt 0.968095 0.914130
vt 0.968129 0.926989
vt 0.986344 0.926942
vt 0.986360 0.932904
vt 0.968145 0.932952
vt 0.968154 0.936400
vt 0.986369 0.936352
vt 0.986384 0.942314
vt 0.968169 0.942362
vt 0.986335 0.923493
vt 0.968120 0.923541
vt 0.968104 0.917579
vt 0.986320 0.917531
vt 0.474966 0.139593
vt 0.475647 0.041343
vt 0.497250 0.063247
vt 0.496871 0.117990
vt 0.546403 0.067776
vt 0.546403 0.111666
vt 0.502514 0.111666
vt 0.502514 0.067776
vt 0.470477 0.649342
vt 0.470477 0.597132
vt 0.516151 0.622176
vt 0.516151 0.624298
vt 0.518006 0.337972
vt 0.518006 0.399193
vt 0.464448 0.369827
vt 0.464448 0.367339
vt 0.574214 0.597132
vt 0.574214 0.649342
vt 0.528540 0.624298
vt 0.528540 0.622176
vt 0.573897 0.042024
vt 0.573216 0.140273
vt 0.551614 0.118369
vt 0.551993 0.063626
vt 0.465985 0.649342
vt 0.465985 0.597132
vt 0.523273 0.337972
vt 0.523273 0.399193
vt 0.578706 0.597132
vt 0.578706 0.649342
vt 0.524616 0.399568
vt 0.524616 0.338347
vt 0.529883 0.338347
vt 0.529883 0.399568
vt 0.583441 0.367714
vt 0.583441 0.370202
vt 0.968080 0.908168
vt 0.986295 0.908121
vt 0.986311 0.914083
vt 0.968095 0.914130
vt 0.968129 0.926989
vt 0.986344 0.926942
vt 0.986360 0.932904
vt 0.968145 0.932952
vt 0.968154 0.936400
vt 0.986369 0.936352
vt 0.986384 0.942314
vt 0.968169 0.942362
vt 0.986335 0.923493
vt 0.968120 0.923541
vt 0.968104 0.917579
vt 0.986320 0.917531
vt 0.474966 0.139593
vt 0.475647 0.041343
vt 0.497250 0.063247
vt 0.496871 0.117990
vt 0.546403 0.067776
vt 0.546403 0.111666
vt 0.502514 0.111666
vt 0.502514 0.067776
vt 0.470477 0.649342
vt 0.470477 0.597132
vt 0.516151 0.622176
vt 0.516151 0.624298
vt 0.518006 0.337972
vt 0.518006 0.399193
vt 0.464448 0.369827
vt 0.464448 0.367339
vt 0.574214 0.597132
vt 0.574214 0.649342
vt 0.528540 0.624298
vt 0.528540 0.622176
vt 0.573897 0.042024
vt 0.573216 0.140273
vt 0.551614 0.118369
vt 0.551993 0.063626
vt 0.465985 0.649342
vt 0.465985 0.597132
vt 0.523273 0.337972
vt 0.523273 0.399193
vt 0.578706 0.597132
vt 0.578706 0.649342
vt 0.524616 0.399568
vt 0.524616 0.338347
vt 0.529883 0.338347
vt 0.529883 0.399568
vt 0.583441 0.367714
vt 0.583441 0.370202
vt 0.968080 0.908168
vt 0.986295 0.908121
vt 0.986311 0.914083
vt 0.968095 0.914130
vt 0.968129 0.926989
vt 0.986344 0.926942
vt 0.986360 0.932904
vt 0.968145 0.932952
vt 0.968154 0.936400
vt 0.986369 0.936352
vt 0.986384 0.942314
vt 0.968169 0.942362
vt 0.986335 0.923493
vt 0.968120 0.923541
vt 0.968104 0.917579
vt 0.986320 0.917531
vt 0.523273 0.337972
vt 0.523273 0.399193
vt 0.578706 0.597132
vt 0.578706 0.649342
vn -0.8224 -0.0942 -0.5610
vn -0.8425 0.0000 -0.5387
vn -0.0453 -0.0000 -0.9990
vn -0.0746 -0.0942 -0.9927
vn -0.1886 0.9804 0.0563
vn 0.0001 0.9467 0.3222
vn 0.0000 0.9467 0.3222
vn 0.1886 0.9804 0.0563
vn 1.0000 -0.0000 0.0000
vn 0.8409 -0.0000 0.5412
vn 0.8197 0.1030 0.5635
vn 0.0782 0.1030 0.9916
vn 0.0483 -0.0000 0.9988
vn -0.8971 -0.0942 -0.4317
vn -0.8878 -0.0000 -0.4602
vn 0.8892 0.0001 0.4576
vn 0.8978 0.1030 0.4281
vn -0.5000 -0.0000 0.8660
vn 0.1430 0.9804 -0.1352
vn -0.0456 0.9804 0.1915
vn 0.2791 0.9467 0.1611
vn 0.6450 0.6673 0.3724
vn 0.5000 0.0000 -0.8660
vn 0.0000 1.0000 0.0000
vn -0.8326 0.0000 -0.5539
vn -0.8660 0.0000 -0.5000
vn -1.0000 0.0000 0.0000
vn 0.8660 0.0000 0.5000
vn 0.8303 -0.0000 0.5573
vn 0.0000 -1.0000 0.0000
vn 0.8960 0.0000 -0.4441
vn 0.8326 -0.0000 -0.5539
vn 0.8303 -0.0001 0.5573
vn 0.0675 0.0000 0.9977
vn 0.0634 0.0000 -0.9980
vn -0.0634 0.0000 -0.9980
vn -0.0675 0.0000 0.9977
vn -0.9268 0.0000 -0.3757
vn -0.7887 -0.0000 -0.6148
vn 0.8283 -0.0763 0.5551
vn 0.8949 -0.0763 0.4397
vn -0.0666 -0.0763 0.9949
vn 0.0666 -0.0763 0.9949
vn -0.1380 0.0000 -0.9904
vn 0.1380 -0.0000 -0.9904
vn -0.0483 -0.0000 0.9988
vn 0.0453 0.0000 -0.9990
vn 0.0000 0.6673 0.7448
vn -0.0782 0.1030 0.9916
vn 0.0746 -0.0942 -0.9927
vn 0.8224 -0.0942 -0.5610
vn 0.8425 -0.0000 -0.5387
vn -0.8409 -0.0000 0.5412
vn -0.8197 0.1030 0.5635
vn 0.8878 0.0000 -0.4602
vn 0.8971 -0.0942 -0.4317
vn -0.8892 -0.0000 0.4576
vn -0.8978 0.1030 0.4281
vn 0.5000 -0.0000 0.8660
vn -0.1430 0.9804 -0.1352
vn -0.2791 0.9467 0.1611
vn 0.0456 0.9804 0.1915
vn -0.6450 0.6673 0.3724
vn -0.5000 0.0000 -0.8660
vn -0.8303 -0.0000 0.5573
vn -0.8978 -0.0000 0.4404
vn 0.8878 -0.0000 0.4602
vn 0.8971 -0.0942 0.4317
vn 0.7887 0.0000 -0.6148
vn 0.9268 -0.0000 -0.3757
vn -0.8949 -0.0764 0.4397
vn -0.8283 -0.0763 0.5551
vn 0.8960 0.0000 0.4441
vn -0.8978 -0.0000 -0.4404
vn 0.8892 -0.0000 -0.4576
vn 0.8978 0.1030 -0.4281
vn -0.8892 0.0001 -0.4576
vn -0.8978 0.1030 -0.4281
vn 0.0752 -0.9609 -0.2664
vn -0.1931 -0.9609 0.1983
vn 0.2683 -0.9609 -0.0681
vn -0.2683 -0.9609 -0.0681
vn 0.1931 -0.9609 0.1983
vn -0.0752 -0.9609 -0.2664
vn -0.8224 -0.0942 0.5610
vn -0.0746 -0.0942 0.9927
vn -0.0453 0.0000 0.9990
vn -0.8425 -0.0000 0.5387
vn -0.1886 0.9804 -0.0563
vn 0.1886 0.9804 -0.0563
vn -0.0001 0.9467 -0.3222
vn 0.0000 0.9467 -0.3222
vn 0.8409 -0.0000 -0.5412
vn 0.0483 -0.0000 -0.9988
vn 0.0782 0.1030 -0.9916
vn 0.8197 0.1030 -0.5635
vn -0.8878 0.0000 0.4602
vn -0.8971 -0.0942 0.4317
vn 0.1430 0.9804 0.1352
vn 0.2791 0.9467 -0.1611
vn -0.0456 0.9804 -0.1915
vn 0.6450 0.6673 -0.3724
vn 0.8326 0.0000 0.5539
vn 0.8303 -0.0000 -0.5573
vn 0.0675 -0.0000 -0.9977
vn 0.0634 0.0000 0.9980
vn -0.0634 0.0000 0.9980
vn -0.0675 -0.0000 -0.9977
vn -0.8326 0.0000 0.5539
vn -0.8660 0.0000 0.5000
vn 0.8660 0.0000 -0.5000
vn 0.8303 0.0001 -0.5573
vn -0.7887 0.0000 0.6148
vn -0.9268 -0.0000 0.3757
vn 0.8949 -0.0764 -0.4397
vn 0.8283 -0.0763 -0.5551
vn 0.0666 -0.0763 -0.9949
vn -0.0666 -0.0763 -0.9949
vn 0.1380 0.0000 0.9904
vn -0.1380 -0.0000 0.9904
vn -0.0483 -0.0000 -0.9988
vn 0.0453 -0.0000 0.9990
vn 0.0000 0.6673 -0.7448
vn -0.0782 0.1030 -0.9916
vn 0.0746 -0.0942 0.9927
vn 0.8224 -0.0942 0.5610
vn 0.8425 0.0000 0.5387
vn -0.8409 -0.0000 -0.5412
vn -0.8197 0.1030 -0.5635
vn -0.1430 0.9804 0.1352
vn 0.0456 0.9804 -0.1915
vn -0.2791 0.9467 -0.1611
vn -0.6450 0.6673 -0.3724
vn -0.8303 -0.0000 -0.5573
vn -0.8303 -0.0001 -0.5573
vn 0.9268 0.0000 0.3757
vn 0.7887 -0.0000 0.6148
vn -0.8283 -0.0763 -0.5551
vn -0.8949 -0.0763 -0.4397
vn -0.1931 -0.9609 -0.1983
vn 0.0752 -0.9609 0.2664
vn -0.2683 -0.9609 0.0681
vn 0.2683 -0.9609 0.0681
vn -0.0752 -0.9609 0.2664
vn 0.1931 -0.9609 -0.1983
vn -0.9991 0.0000 -0.0429
vn -0.0063 0.0000 1.0000
vn 0.9325 0.0000 -0.3613
vn 0.0000 0.0000 -1.0000
vn 0.0000 0.0000 1.0000
vn 0.0000 0.5000 -0.8660
vn 0.0000 0.8660 -0.5000
vn 0.0000 0.8660 0.5000
vn 0.0000 0.5000 0.8660
vn 0.0000 -0.5000 0.8660
vn 0.0000 -0.8660 0.5000
vn 0.0000 -0.8660 -0.5000
vn 0.0000 -0.5000 -0.8660
vn -0.0000 0.5102 0.8601
vn 0.0002 0.5198 0.8543
vn -0.0000 0.5198 0.8543
vn -0.0000 0.5198 -0.8543
vn -0.0000 -0.5102 0.8601
vn -0.0002 -0.5198 0.8543
vn -0.0000 -0.5198 0.8543
vn -0.0000 -0.5198 -0.8543
vn -0.0002 0.5198 -0.8543
vn 0.0000 0.5102 -0.8601
vn -0.0005 0.5198 -0.8543
vn -0.0000 -0.5102 -0.8601
vn 0.7448 0.5102 0.4300
vn 0.7399 0.5198 0.4271
vn 0.7398 0.5198 0.4271
vn -0.7398 0.5198 -0.4271
vn 0.7448 -0.5102 0.4300
vn 0.7400 -0.5198 0.4269
vn 0.7398 -0.5198 0.4272
vn -0.7398 -0.5198 -0.4271
vn -0.7399 -0.5198 -0.4271
vn 0.7398 -0.5198 0.4271
vn -0.7399 -0.5198 -0.4270
vn -0.7449 0.5102 -0.4300
vn -0.7400 0.5198 -0.4270
vn -0.7448 0.5102 -0.4300
vn -0.7398 -0.5198 -0.4273
vn -0.7449 -0.5102 -0.4300
vn 0.7449 0.5102 -0.4300
vn 0.7396 0.5198 -0.4275
vn 0.7398 0.5198 -0.4271
vn -0.7398 0.5198 0.4271
vn 0.7448 -0.5102 -0.4300
vn 0.7398 -0.5198 -0.4271
vn -0.7398 -0.5198 0.4272
vn -0.7400 -0.5198 0.4269
vn 0.7449 -0.5102 -0.4300
vn 0.7399 -0.5198 -0.4270
vn -0.7399 -0.5198 0.4270
vn 0.7448 0.5102 -0.4300
vn 0.7398 0.5198 -0.4272
vn -0.7448 0.5102 0.4300
vn -0.7397 0.5198 0.4273
vn -0.7398 -0.5198 0.4271
vn -0.7448 -0.5102 0.4300
vn -0.7397 0.5198 -0.4273
vn -0.7448 -0.5102 -0.4300
vn -0.7398 -0.5198 -0.4272
vn 0.7399 -0.5198 0.4271
vn -0.7399 0.5198 -0.4271
vn 0.7449 0.5102 0.4300
vn 0.7399 0.5198 0.4270
vn 0.7400 0.5198 0.4269
vn 0.7449 -0.5102 0.4300
vn -0.7449 0.5102 0.4300
vn -0.7399 0.5198 0.4270
vn 0.7400 0.5198 -0.4270
vn 0.7398 -0.5198 -0.4272
vn -0.7398 0.5198 0.4272
vn 0.7396 0.5198 -0.4276
vn 0.7397 0.5198 -0.4273
vn 0.3950 0.6130 0.6842
vn -0.3950 0.6130 0.6842
vn 0.5760 0.0001 0.8174
vn 0.5760 0.0000 0.8174
vn 0.9959 0.0000 0.0901
vn -0.5915 -0.0001 0.8063
vn -0.5915 0.0000 0.8063
vn -0.9940 0.0001 0.1092
vn -0.9940 0.0000 0.1092
vn 0.3950 0.6130 -0.6842
vn -0.3950 0.6130 -0.6842
vn 0.7900 0.6130 0.0000
vn -0.7900 0.6130 0.0000
vn 0.5915 -0.0001 -0.8063
vn 0.5915 0.0000 -0.8063
vn 0.9940 0.0001 -0.1092
vn 0.9940 0.0000 -0.1092
vn 0.5915 0.0000 0.8063
vn 0.5915 0.0001 0.8063
vn 0.4025 0.0000 0.9154
vn -0.4025 -0.0000 0.9154
vn -0.5915 0.0000 -0.8063
vn -0.5915 0.0001 -0.8063
vn -0.4025 0.0000 -0.9154
vn -0.9940 0.0000 -0.1092
vn -0.9940 -0.0001 -0.1092
vn 0.9940 -0.0001 0.1092
vn 0.9940 0.0000 0.1092
vn 0.4025 0.0000 -0.9154
vn 0.5760 0.0000 -0.8174
vn 0.4199 0.0000 -0.9076
vn 0.9959 0.0000 -0.0901
vn -0.4199 0.0000 -0.9076
vn -0.5760 0.0000 0.8174
vn -0.5760 -0.0001 0.8174
vn -0.4199 0.0000 0.9076
vn -0.9959 -0.0000 0.0901
vn 0.4199 0.0000 0.9076
vn -0.5760 0.0000 -0.8174
vn -0.5760 0.0001 -0.8174
vn -0.9959 0.0000 -0.0901
vn -0.8211 0.0000 -0.5708
vn -0.0838 -0.0000 -0.9965
vn -0.9495 0.0000 0.3137
vn -0.7464 -0.0000 0.6655
vn -0.9049 0.0001 -0.4257
vn 0.2031 0.0000 0.9792
vn 0.7464 0.0000 0.6655
vn 0.9495 0.0000 -0.3137
vn 0.7464 -0.0000 -0.6655
vn 0.0838 0.0000 -0.9965
vn 0.8211 -0.0001 -0.5708
vn -0.2031 0.0000 0.9792
vn 0.9049 0.0000 -0.4257
vn -0.9994 -0.0000 0.0348
vn -0.9994 0.0000 -0.0348
vn -0.4695 0.0000 -0.8829
vn -0.4695 -0.0001 -0.8829
vn -0.5299 0.0000 -0.8481
vn -0.5299 0.0001 -0.8481
vn 0.9994 -0.0000 -0.0348
vn 0.5299 0.0001 -0.8481
vn 0.5299 0.0000 -0.8481
vn 0.4695 0.0000 -0.8829
vn 0.4695 -0.0001 -0.8829
vn -0.9495 -0.0000 -0.3137
vn -0.9049 0.0000 0.4257
vn 0.9049 0.0001 0.4257
vn 0.9994 0.0000 0.0348
vn -0.8211 -0.0001 0.5708
vn -0.0838 0.0000 0.9965
vn -0.7464 0.0000 -0.6655
vn 0.2031 0.0000 -0.9792
vn 0.9495 -0.0000 0.3137
vn 0.0838 -0.0000 0.9965
vn 0.8211 0.0000 0.5708
vn -0.2031 0.0000 -0.9792
vn -0.4695 0.0001 0.8829
vn -0.5299 0.0000 0.8481
vn -0.5299 -0.0001 0.8481
vn -0.4695 0.0000 0.8829
vn 0.5299 0.0001 0.8481
vn 0.5299 0.0000 0.8481
vn 0.4695 0.0000 0.8829
vn 0.4695 -0.0001 0.8829
vn -0.0000 0.8818 -0.4716
vn -0.0000 0.8363 -0.5483
vn 0.0002 -0.8818 -0.4716
vn -0.0000 -0.8818 -0.4716
vn 0.0000 -0.8363 -0.5483
vn -0.8818 -0.0000 -0.4716
vn -0.8363 0.0000 -0.5483
vn 0.8818 -0.0000 -0.4716
vn 0.8363 0.0000 -0.5483
vn -0.4084 0.8818 -0.2358
vn -0.4749 0.8363 -0.2742
vn -0.4083 -0.8818 -0.2359
vn -0.4084 -0.8818 -0.2358
vn -0.4749 -0.8363 -0.2742
vn -0.8493 -0.0000 0.5279
vn -0.8930 0.0000 0.4501
vn 0.0325 -0.0000 -0.9995
vn 0.0325 0.0001 -0.9995
vn -0.0567 0.0000 -0.9984
vn -0.4084 0.8818 0.2358
vn -0.4749 0.8363 0.2742
vn -0.4085 -0.8818 0.2356
vn -0.4084 -0.8818 0.2358
vn -0.4749 -0.8363 0.2742
vn 0.0325 -0.0000 0.9995
vn -0.0567 0.0000 0.9984
vn -0.8493 -0.0000 -0.5279
vn -0.8930 0.0000 -0.4501
vn 0.0001 0.8818 0.4716
vn -0.0000 0.8818 0.4716
vn 0.0000 0.8363 0.5483
vn -0.0000 -0.8818 0.4716
vn -0.0000 -0.8363 0.5483
vn 0.8818 -0.0002 0.4716
vn 0.8818 0.0000 0.4716
vn 0.8363 0.0000 0.5483
vn -0.8818 -0.0000 0.4716
vn -0.8818 0.0001 0.4716
vn -0.8363 0.0000 0.5483
vn 0.4085 0.8818 0.2356
vn 0.4084 0.8818 0.2358
vn 0.4749 0.8363 0.2742
vn 0.4083 -0.8818 0.2359
vn 0.4084 -0.8818 0.2358
vn 0.4749 -0.8363 0.2742
vn 0.8493 -0.0002 -0.5279
vn 0.8493 0.0000 -0.5279
vn 0.8930 0.0000 -0.4501
vn -0.0325 -0.0000 0.9995
vn 0.0567 0.0000 0.9984
vn 0.4083 0.8818 -0.2359
vn 0.4084 0.8818 -0.2358
vn 0.4749 0.8363 -0.2742
vn 0.4084 -0.8818 -0.2358
vn 0.4749 -0.8363 -0.2742
vn -0.0325 -0.0001 -0.9995
vn -0.0325 0.0000 -0.9995
vn 0.0567 0.0000 -0.9984
vn 0.8493 -0.0000 0.5279
vn 0.8930 0.0000 0.4501
g Cell_1_Cell_1_Cell_1
usemtl Cell_1
s 1
f 5/1/1 13/2/2 10/3/3 2/4/4
f 187/5/5 46/6/6 3/7/7 186/8/8
f 89/9/9 194/10/9 186/11/9 3/12/9
f 12/13/10 4/14/11 1/15/12 11/16/13
f 13/2/2 5/1/1 7/17/14 14/18/15
f 15/19/16 6/20/17 4/14/11 12/13/10
f 193/21/18 87/22/18 8/23/18 552/24/18
f 185/25/19 552/26/20 8/27/21 9/28/21
f 87/29/22 88/30/22 9/28/21 8/27/21
f 88/31/23 568/32/23 185/33/23 9/34/23
f 2/35/24 1/36/24 4/37/24 5/38/24
f 26/39/25 20/40/26 35/41/26 34/42/25
f 60/43/27 65/44/27 81/45/27 75/46/27
f 22/47/28 24/48/29 39/49/29 43/50/28
f 20/51/23 22/52/23 43/53/23 35/54/23
f 11/55/30 10/56/30 13/57/30 12/58/30
f 62/59/31 66/60/32 84/61/32 77/62/31
f 17/63/9 10/64/9 11/65/9 25/66/9
f 24/67/30 18/68/30 16/69/30 26/70/30
f 24/48/29 23/71/33 25/72/34 18/73/34
f 59/74/35 17/75/36 16/76/36 65/77/35
f 18/73/34 25/72/34 61/78/37 60/79/37
f 19/80/25 13/2/2 14/18/15 21/81/26
f 23/82/18 12/83/18 13/84/18 19/85/18
f 21/86/23 14/87/23 15/88/23 27/89/23
f 27/90/28 15/19/16 12/13/10 23/71/33
f 19/91/24 17/92/24 25/93/24 23/94/24
f 21/81/26 20/40/26 26/39/25 19/80/25
f 23/71/33 24/48/29 22/47/28 27/90/28
f 24/95/18 26/96/18 34/97/18 39/98/18
f 19/80/25 26/39/25 16/76/36 17/75/36
f 110/99/9 108/100/9 122/101/9 129/102/9
f 32/103/9 33/104/9 588/105/9 28/106/9
f 39/107/24 34/108/24 40/109/24 41/110/24
f 39/49/29 41/111/34 33/112/34 38/113/29
f 82/114/35 81/115/35 40/116/36 32/117/36
f 33/112/34 41/111/34 75/118/37 83/119/37
f 42/120/25 36/121/26 30/122/38 29/123/39
f 38/124/18 42/125/18 29/126/18 589/127/18
f 36/128/23 37/129/23 31/130/23 30/131/23
f 37/132/28 38/113/29 589/133/40 31/134/41
f 42/135/30 38/136/30 33/137/30 32/138/30
f 36/121/26 42/120/25 34/42/25 35/41/26
f 38/113/29 37/132/28 43/50/28 39/49/29
f 42/120/25 32/117/36 40/116/36 34/42/25
f 83/119/37 596/139/42 588/140/43 33/112/34
f 32/117/36 28/141/44 71/142/45 82/114/35
f 61/78/37 25/72/34 11/16/13 54/143/46
f 10/3/3 17/75/36 59/74/35 53/144/47
f 89/145/48 3/7/7 46/6/6 90/146/48
f 54/143/46 11/16/13 1/15/12 44/147/49
f 2/4/4 10/3/3 53/144/47 45/148/50
f 48/149/51 45/148/50 53/144/47 56/150/52
f 90/151/27 46/152/27 187/153/27 195/154/27
f 55/155/53 54/143/46 44/147/49 47/156/54
f 56/150/52 57/157/55 50/158/56 48/149/51
f 58/159/57 55/155/53 47/156/54 49/160/58
f 196/161/59 188/162/59 51/163/59 91/164/59
f 553/165/60 52/166/61 51/167/61 188/168/62
f 91/169/63 51/167/61 52/166/61 92/170/63
f 92/171/64 52/172/64 553/173/64 197/174/64
f 45/175/24 48/176/24 47/177/24 44/178/24
f 18/73/34 60/79/37 75/118/37 41/111/34
f 65/77/35 16/76/36 40/116/36 81/115/35
f 70/179/65 68/180/66 79/181/66 86/182/65
f 68/183/64 62/184/64 77/185/64 79/186/64
f 54/187/30 55/188/30 56/189/30 53/190/30
f 59/191/27 61/192/27 54/193/27 53/194/27
f 70/195/30 66/196/30 65/197/30 60/198/30
f 70/179/65 60/79/37 61/78/37 64/199/65
f 67/200/32 63/201/31 57/157/55 56/150/52
f 64/202/59 67/203/59 56/204/59 55/205/59
f 63/206/64 69/207/64 58/208/64 57/209/64
f 69/210/66 64/199/65 55/155/53 58/159/57
f 67/211/24 64/212/24 61/213/24 59/214/24
f 63/201/31 67/200/32 66/60/32 62/59/31
f 147/215/67 140/216/68 50/158/56 57/157/55
f 64/199/65 69/210/66 68/180/66 70/179/65
f 66/217/59 70/218/59 86/219/59 84/220/59
f 67/200/32 59/74/35 65/77/35 66/60/32
f 82/221/27 71/222/27 596/223/27 83/224/27
f 86/225/24 75/226/24 81/227/24 84/228/24
f 86/182/65 80/229/65 83/119/37 75/118/37
f 76/230/32 72/231/69 73/232/70 78/233/31
f 80/234/59 597/235/59 72/236/59 76/237/59
f 78/238/64 73/239/64 74/240/64 85/241/64
f 85/242/66 74/243/71 597/244/72 80/229/65
f 76/245/30 82/246/30 83/247/30 80/248/30
f 78/233/31 77/62/31 84/61/32 76/230/32
f 80/229/65 86/182/65 79/181/66 85/242/66
f 76/230/32 84/61/32 81/115/35 82/114/35
f 153/249/73 63/201/31 62/59/31 152/250/73
f 69/251/24 63/252/24 153/253/24 158/254/24
f 174/255/74 85/242/66 79/181/66 173/256/74
f 106/257/30 107/258/30 15/259/30 14/260/30
f 107/261/75 98/262/76 6/263/17 15/264/16
f 98/265/24 99/266/24 7/267/24 6/268/24
f 78/269/30 85/270/30 174/271/30 172/272/30
f 172/273/73 171/274/73 77/62/31 78/233/31
f 79/275/24 77/276/24 171/277/24 173/278/24
f 158/279/74 154/280/74 68/180/66 69/210/66
f 62/281/30 68/282/30 154/283/30 152/284/30
f 139/285/24 49/286/24 50/287/24 140/288/24
f 148/289/77 58/159/57 49/160/58 139/290/78
f 147/291/30 57/292/30 58/293/30 148/294/30
f 6/295/23 7/296/23 568/32/23 88/31/23
f 7/17/14 5/1/1 193/297/79 568/298/80
f 4/14/11 6/20/17 88/30/22 87/29/22
f 5/299/18 4/300/18 87/22/18 193/21/18
f 44/301/27 90/151/27 195/154/27 45/302/27
f 1/15/12 89/145/48 90/146/48 44/147/49
f 45/148/50 195/303/81 194/304/82 2/4/4
f 1/305/9 2/306/9 194/10/9 89/9/9
f 49/307/64 92/171/64 197/174/64 50/308/64
f 50/158/56 197/309/83 196/310/84 48/149/51
f 47/156/54 91/169/63 92/170/63 49/160/58
f 48/311/59 196/161/59 91/164/59 47/312/59
f 97/313/85 94/314/86 102/315/87 105/316/88
f 191/317/89 190/318/90 95/319/91 136/320/92
f 181/321/9 95/322/9 190/323/9 199/324/9
f 104/325/93 103/326/94 93/327/95 96/328/96
f 105/316/88 106/329/97 99/330/98 97/313/85
f 107/331/75 104/325/93 96/328/96 98/332/76
f 569/333/64 189/334/64 100/335/64 179/336/64
f 554/337/99 101/338/100 100/339/100 189/340/101
f 179/341/102 100/339/100 101/338/100 180/342/102
f 180/343/59 101/344/59 554/345/59 198/346/59
f 94/347/24 97/348/24 96/349/24 93/350/24
f 149/351/27 150/352/27 168/353/27 176/354/27
f 103/355/30 104/356/30 105/357/30 102/358/30
f 157/359/103 152/250/73 171/274/73 169/360/103
f 109/361/9 117/362/9 103/363/9 102/364/9
f 116/365/30 118/366/30 108/367/30 110/368/30
f 116/369/104 110/370/105 117/371/105 115/372/104
f 155/373/106 149/374/106 108/375/107 109/376/107
f 110/370/105 150/377/108 156/378/108 117/371/105
f 111/379/109 119/380/110 106/329/97 105/316/88
f 115/381/64 111/382/64 105/383/64 104/384/64
f 119/385/59 114/386/59 107/387/59 106/388/59
f 114/389/111 115/372/104 104/325/93 107/331/75
f 111/390/24 115/391/24 117/392/24 109/393/24
f 119/380/110 111/379/109 118/394/109 112/395/110
f 115/372/104 114/389/111 113/396/111 116/369/104
f 111/379/109 109/376/107 108/375/107 118/394/109
f 36/128/23 35/54/23 43/53/23 37/129/23
f 123/397/9 616/398/9 120/399/9 124/400/9
f 133/401/24 129/402/24 122/403/24 130/404/24
f 133/405/104 128/406/112 124/407/105 129/408/105
f 167/409/106 123/410/107 122/411/107 176/412/106
f 124/407/105 177/413/108 168/414/108 129/408/105
f 125/415/109 617/416/113 618/417/114 132/418/110
f 128/419/64 121/420/64 617/421/64 125/422/64
f 132/423/59 618/424/59 619/425/59 127/426/59
f 127/427/111 619/428/115 121/429/116 128/406/112
f 125/430/30 123/431/30 124/432/30 128/433/30
f 132/418/110 131/434/110 130/435/109 125/415/109
f 128/406/112 133/405/104 126/436/111 127/427/111
f 125/415/109 130/435/109 122/411/107 123/410/107
f 177/413/108 124/407/105 120/437/117 162/438/118
f 123/410/107 167/409/106 161/439/119 616/440/120
f 156/378/108 144/441/121 103/326/94 117/371/105
f 102/315/87 143/442/122 155/373/106 109/376/107
f 181/443/123 182/444/123 136/320/92 95/319/91
f 144/441/121 134/445/124 93/327/95 103/326/94
f 94/314/86 135/446/125 143/442/122 102/315/87
f 138/447/126 146/448/127 143/442/122 135/446/125
f 182/449/27 570/450/27 191/451/27 136/452/27
f 145/453/128 137/454/129 134/445/124 144/441/121
f 146/448/127 138/447/126 140/216/68 147/215/67
f 148/289/77 139/290/78 137/454/129 145/453/128
f 571/455/23 183/456/23 141/457/23 555/458/23
f 192/459/130 555/460/131 141/461/132 142/462/132
f 183/463/133 184/464/133 142/462/132 141/461/132
f 184/465/18 572/466/18 192/467/18 142/468/18
f 135/469/24 134/470/24 137/471/24 138/472/24
f 150/377/108 110/370/105 129/408/105 168/414/108
f 108/375/107 149/374/106 176/412/106 122/411/107
f 154/280/74 160/473/134 178/474/134 173/256/74
f 152/475/18 154/476/18 173/477/18 171/478/18
f 144/479/30 143/480/30 146/481/30 145/482/30
f 155/483/27 143/484/27 144/485/27 156/486/27
f 160/487/30 150/488/30 149/489/30 157/490/30
f 160/473/134 159/491/135 156/378/108 150/377/108
f 151/492/103 146/448/127 147/215/67 153/249/73
f 159/493/23 145/494/23 146/495/23 151/496/23
f 153/497/18 147/498/18 148/499/18 158/500/18
f 158/279/74 148/289/77 145/453/128 159/491/135
f 151/501/24 155/502/24 156/503/24 159/504/24
f 153/249/73 152/250/73 157/359/103 151/492/103
f 159/491/135 160/473/134 154/280/74 158/279/74
f 160/505/23 157/506/23 169/507/23 178/508/23
f 151/492/103 157/359/103 149/374/106 155/373/106
f 119/385/59 112/509/59 113/510/59 114/386/59
f 167/511/27 177/512/27 162/513/27 161/514/27
f 178/515/24 169/516/24 176/517/24 168/518/24
f 178/474/134 168/414/108 177/413/108 175/519/134
f 170/520/103 172/273/73 165/521/136 164/522/137
f 175/523/23 170/524/23 164/525/23 163/526/23
f 172/527/18 174/528/18 166/529/18 165/530/18
f 174/255/74 175/519/134 163/531/138 166/532/139
f 170/533/30 175/534/30 177/535/30 167/536/30
f 172/273/73 170/520/103 169/360/103 171/274/73
f 175/519/134 174/255/74 173/256/74 178/474/134
f 170/520/103 167/409/106 176/412/106 169/360/103
f 132/423/59 127/426/59 126/537/59 131/538/59
f 98/539/59 180/343/59 198/346/59 99/540/59
f 99/330/98 198/541/140 569/542/141 97/313/85
f 96/328/96 179/341/102 180/342/102 98/332/76
f 97/543/64 569/333/64 179/336/64 96/544/64
f 134/545/27 135/546/27 570/450/27 182/449/27
f 93/327/95 134/445/124 182/444/123 181/443/123
f 135/446/125 94/314/86 199/547/142 570/548/143
f 93/549/9 181/321/9 199/324/9 94/550/9
f 139/551/18 140/552/18 572/466/18 184/465/18
f 140/216/68 138/447/126 571/553/144 572/554/145
f 137/454/129 139/290/78 184/464/133 183/463/133
f 138/555/23 137/556/23 183/456/23 571/455/23
f 106/557/97 14/558/15 7/559/14 99/560/98
f 21/86/23 27/89/23 22/52/23 20/51/23
f 16/561/9 18/562/9 41/563/9 40/564/9
f 201/565/110 211/566/110 112/395/110 118/394/109
f 113/510/59 112/509/59 211/567/59 208/568/59
f 209/569/59 210/570/59 131/538/59 126/537/59
f 201/571/64 118/572/64 116/573/64 205/574/64
f 209/575/111 126/436/111 133/405/104 204/576/111
f 130/577/64 200/578/64 204/579/64 133/580/64
f 113/396/111 208/581/111 205/582/111 116/369/104
f 209/575/111 204/576/111 205/582/111 208/581/111
f 201/571/64 205/574/64 204/579/64 200/578/64
f 211/566/110 201/565/110 200/583/110 210/584/110
f 130/435/109 131/434/110 210/584/110 200/583/110
f 202/585/59 203/586/59 209/569/59 208/568/59
f 206/587/59 207/588/59 211/567/59 210/570/59
f 203/586/59 206/587/59 210/570/59 209/569/59
f 207/588/59 202/585/59 208/568/59 211/567/59
f 207/589/146 206/590/146 214/591/146 215/592/146
f 214/593/147 213/594/147 212/595/147 215/596/147
f 207/597/24 215/598/24 212/599/24 202/600/24
f 203/601/148 202/602/148 212/603/148 213/604/148
f 213/605/30 214/606/30 206/607/30 203/608/30
f 216/609/27 217/610/27 219/611/27 218/612/27
f 218/613/149 219/614/149 223/615/149 222/616/149
f 222/617/9 223/618/9 221/619/9 220/620/9
f 220/621/150 221/622/150 217/623/150 216/624/150
f 223/625/24 219/626/24 217/627/24 221/628/24
f 224/629/9 225/630/9 227/631/59 226/632/59
f 226/632/59 227/631/59 229/633/18 228/634/18
f 228/634/18 229/633/18 231/635/27 230/636/27
f 230/637/27 231/638/27 233/639/64 232/640/64
f 225/641/24 235/642/24 233/643/24 231/644/24
f 232/640/64 233/639/64 235/645/23 234/646/23
f 234/646/23 235/645/23 225/630/9 224/629/9
f 236/647/9 238/648/23 239/649/23 237/650/9
f 238/648/23 240/651/64 241/652/64 239/649/23
f 240/651/64 242/653/27 243/654/27 241/652/64
f 242/655/27 244/656/18 245/657/18 243/658/27
f 237/659/24 243/660/24 245/661/24 247/662/24
f 244/656/18 246/663/59 247/664/59 245/657/18
f 246/663/59 236/647/9 237/650/9 247/664/59
f 227/665/24 225/641/24 231/644/24 229/666/24
f 239/667/24 241/668/24 243/660/24 237/659/24
f 248/669/27 250/670/18 251/671/18 249/672/27
f 250/670/18 252/673/59 253/674/59 251/671/18
f 252/673/59 254/675/9 255/676/9 253/674/59
f 254/677/9 256/678/23 257/679/23 255/680/9
f 249/681/24 255/682/24 257/683/24 259/684/24
f 256/678/23 258/685/64 259/686/64 257/679/23
f 258/685/64 248/669/27 249/672/27 259/686/64
f 260/687/27 261/688/27 263/689/64 262/690/64
f 262/690/64 263/689/64 265/691/23 264/692/23
f 264/692/23 265/691/23 267/693/9 266/694/9
f 266/695/9 267/696/9 269/697/59 268/698/59
f 261/699/24 271/700/24 269/701/24 267/702/24
f 268/698/59 269/697/59 271/703/18 270/704/18
f 270/704/18 271/703/18 261/688/27 260/687/27
f 251/705/24 253/706/24 255/682/24 249/681/24
f 263/707/24 261/699/24 267/702/24 265/708/24
f 272/709/151 273/710/151 275/711/152 274/712/152
f 274/712/152 275/711/152 277/713/153 276/714/153
f 276/714/153 277/713/153 279/715/154 278/716/154
f 280/717/155 282/718/156 283/719/156 281/720/155
f 282/718/156 284/721/157 285/722/157 283/719/156
f 284/721/157 286/723/158 287/724/158 285/722/157
f 272/725/9 274/726/9 282/727/9 280/728/9
f 275/729/27 273/730/27 281/731/27 283/732/27
f 274/726/9 276/733/9 284/734/9 282/727/9
f 277/735/27 275/729/27 283/732/27 285/736/27
f 276/733/9 278/737/9 286/738/9 284/734/9
f 279/739/27 277/735/27 285/736/27 287/740/27
f 501/741/27 495/742/27 288/743/27 502/744/27
f 495/745/159 292/746/159 505/747/160 288/748/161
f 505/747/160 504/749/162 502/750/162 288/748/161
f 506/751/27 294/752/27 289/753/27 293/754/27
f 293/755/163 289/756/164 507/757/165 297/758/163
f 507/757/165 289/756/164 294/759/166 296/760/166
f 509/761/27 298/762/27 496/763/27 508/764/27
f 512/765/165 496/766/164 298/767/166 299/768/166
f 513/769/159 290/770/159 300/771/161 516/772/161
f 290/773/9 498/774/9 515/775/9 300/776/9
f 300/771/161 515/777/162 497/778/167 516/772/161
f 518/779/27 517/780/27 521/781/27 291/782/27
f 518/783/168 291/784/169 520/785/162 519/786/168
f 522/787/161 520/785/162 291/784/169 521/788/161
f 523/789/163 500/790/165 302/791/165 301/792/163
f 302/791/165 500/790/165 525/793/166 527/794/166
f 292/795/9 503/796/9 504/797/9 505/798/9
f 506/799/170 295/800/170 296/760/166 294/759/166
f 297/801/9 507/802/9 296/803/9 295/804/9
f 509/805/170 510/806/170 299/768/166 298/767/166
f 511/807/9 512/808/9 299/809/9 510/810/9
f 301/811/9 302/812/9 527/813/9 526/814/9
f 313/815/18 303/816/18 304/817/18 314/818/18
f 303/819/171 317/820/171 318/821/172 304/822/173
f 318/821/172 316/823/174 314/824/174 304/822/173
f 320/825/18 321/826/18 305/827/18 319/828/18
f 319/829/175 305/830/176 325/831/177 324/832/175
f 325/831/177 305/830/176 321/833/178 323/834/179
f 327/835/18 328/836/18 306/837/18 326/838/18
f 326/839/175 306/840/180 332/841/180 331/842/175
f 332/841/180 306/840/180 328/843/178 330/844/181
f 334/845/18 333/846/18 336/847/18 307/848/18
f 333/849/171 309/850/171 337/851/172 336/852/173
f 334/853/182 307/854/183 335/855/174 308/856/182
f 309/857/23 308/858/23 335/859/23 337/860/23
f 337/851/172 335/855/174 307/854/183 336/852/173
f 339/861/18 338/862/18 342/863/18 310/864/18
f 338/865/171 311/866/171 343/867/172 342/868/173
f 339/869/184 310/870/183 341/871/174 340/872/184
f 311/873/23 340/874/23 341/875/23 343/876/23
f 343/867/172 341/871/174 310/870/183 342/868/173
f 345/877/18 346/878/18 312/879/18 344/880/18
f 344/881/175 312/882/176 350/883/177 349/884/175
f 350/883/177 312/882/176 346/885/178 348/886/185
f 313/887/182 314/824/174 316/823/174 315/888/182
f 317/889/23 315/890/23 316/891/23 318/892/23
f 320/893/186 322/894/186 323/834/179 321/833/178
f 324/895/23 325/896/23 323/897/23 322/898/23
f 327/899/186 329/900/186 330/844/181 328/843/178
f 331/901/23 332/902/23 330/903/23 329/904/23
f 345/905/186 347/906/186 348/886/185 346/885/178
f 349/907/23 350/908/23 348/909/23 347/910/23
f 361/911/59 351/912/59 352/913/59 362/914/59
f 351/915/187 365/916/187 366/917/188 352/918/189
f 366/917/188 364/919/190 362/920/190 352/918/189
f 368/921/59 369/922/59 353/923/59 367/924/59
f 367/925/191 353/926/192 373/927/192 372/928/191
f 373/927/192 353/926/192 369/929/193 371/930/194
f 375/931/59 376/932/59 354/933/59 374/934/59
f 374/935/195 354/936/196 380/937/192 379/938/195
f 380/937/192 354/936/196 376/939/193 378/940/197
f 382/941/59 381/942/59 384/943/59 355/944/59
f 381/945/198 357/946/198 385/947/189 384/948/199
f 382/949/200 355/950/201 383/951/190 356/952/200
f 357/953/64 356/954/64 383/955/64 385/956/64
f 385/947/189 383/951/190 355/950/201 384/948/199
f 387/957/59 386/958/59 390/959/59 358/960/59
f 386/961/198 359/962/198 391/963/189 390/964/199
f 387/965/200 358/966/201 389/967/190 388/968/200
f 359/969/64 388/970/64 389/971/64 391/972/64
f 391/963/189 389/967/190 358/966/201 390/964/199
f 393/973/59 394/974/59 360/975/59 392/976/59
f 392/977/191 360/978/192 398/979/192 397/980/191
f 398/979/192 360/978/192 394/981/202 396/982/197
f 361/983/200 362/920/190 364/919/190 363/984/200
f 365/985/64 363/986/64 364/987/64 366/988/64
f 368/989/203 370/990/203 371/930/194 369/929/193
f 372/991/64 373/992/64 371/993/64 370/994/64
f 375/995/203 377/996/203 378/940/197 376/939/193
f 379/997/64 380/998/64 378/999/64 377/1000/64
f 393/1001/203 395/1002/203 396/982/197 394/981/202
f 397/1003/64 398/1004/64 396/1005/64 395/1006/64
f 409/1007/23 399/1008/23 400/1009/23 410/1010/23
f 399/1011/184 413/1012/184 414/1013/204 400/1014/174
f 414/1013/204 412/1015/173 410/1016/172 400/1014/174
f 416/1017/23 417/1018/23 401/1019/23 415/1020/23
f 415/1021/205 401/1022/178 421/1023/206 420/1024/205
f 421/1023/206 401/1022/178 417/1025/180 419/1026/207
f 423/1027/23 424/1028/23 402/1029/23 422/1030/23
f 422/1031/205 402/1032/178 428/1033/178 427/1034/205
f 428/1033/178 402/1032/178 424/1035/180 426/1036/207
f 430/1037/23 429/1038/23 432/1039/23 403/1040/23
f 429/1041/182 405/1042/182 433/1043/208 432/1044/174
f 430/1045/209 403/1046/210 431/1047/173 404/1048/209
f 405/1049/18 404/1050/18 431/1051/18 433/1052/18
f 433/1043/208 431/1047/173 403/1046/210 432/1044/174
f 435/1053/23 434/1054/23 438/1055/23 406/1056/23
f 434/1057/182 407/1058/182 439/1059/208 438/1060/174
f 435/1061/171 406/1062/211 437/1063/173 436/1064/171
f 407/1065/18 436/1066/18 437/1067/18 439/1068/18
f 439/1059/208 437/1063/173 406/1062/211 438/1060/174
f 441/1069/23 442/1070/23 408/1071/23 440/1072/23
f 440/1073/205 408/1074/185 446/1075/206 445/1076/205
f 446/1075/206 408/1074/185 442/1077/180 444/1078/207
f 409/1079/209 410/1016/172 412/1015/173 411/1080/209
f 413/1081/18 411/1082/18 412/1083/18 414/1084/18
f 416/1085/212 418/1086/212 419/1026/207 417/1025/180
f 420/1087/18 421/1088/18 419/1089/18 418/1090/18
f 423/1091/212 425/1092/212 426/1036/207 424/1035/180
f 427/1093/18 428/1094/18 426/1095/18 425/1096/18
f 441/1097/212 443/1098/212 444/1078/207 442/1077/180
f 445/1099/18 446/1100/18 444/1101/18 443/1102/18
f 457/1103/64 447/1104/64 448/1105/64 458/1106/64
f 447/1107/213 461/1108/213 462/1109/214 448/1110/190
f 462/1109/214 460/1111/199 458/1112/215 448/1110/190
f 464/1113/64 465/1114/64 449/1115/64 463/1116/64
f 463/1117/203 449/1118/197 469/1119/202 468/1120/203
f 469/1119/202 449/1118/197 465/1121/216 467/1122/216
f 471/1123/64 472/1124/64 450/1125/64 470/1126/64
f 470/1127/203 450/1128/197 476/1129/202 475/1130/203
f 476/1129/202 450/1128/197 472/1131/216 474/1132/216
f 478/1133/64 477/1134/64 480/1135/64 451/1136/64
f 477/1137/200 453/1138/200 481/1139/217 480/1140/217
f 478/1141/198 451/1142/218 479/1143/189 452/1144/198
f 453/1145/59 452/1146/59 479/1147/59 481/1148/59
f 481/1139/217 479/1143/189 451/1142/218 480/1140/217
f 483/1149/64 482/1150/64 486/1151/64 454/1152/64
f 482/1153/200 455/1154/200 487/1155/214 486/1156/217
f 483/1157/198 454/1158/219 485/1159/189 484/1160/198
f 455/1161/59 484/1162/59 485/1163/59 487/1164/59
f 487/1155/214 485/1159/189 454/1158/219 486/1156/217
f 489/1165/64 490/1166/64 456/1167/64 488/1168/64
f 488/1169/203 456/1170/197 494/1171/202 493/1172/203
f 494/1171/202 456/1170/197 490/1173/216 492/1174/216
f 457/1175/198 458/1112/215 460/1111/199 459/1176/198
f 461/1177/59 459/1178/59 460/1179/59 462/1180/59
f 464/1181/191 466/1182/191 467/1122/216 465/1121/216
f 468/1183/59 469/1184/59 467/1185/59 466/1186/59
f 471/1187/191 473/1188/191 474/1132/216 472/1131/216
f 475/1189/59 476/1190/59 474/1191/59 473/1192/59
f 489/1193/191 491/1194/191 492/1174/216 490/1173/216
f 493/1195/59 494/1196/59 492/1197/59 491/1198/59
f 508/1199/163 496/766/164 512/765/165 511/1200/163
f 514/1201/27 513/1202/27 516/1203/27 497/1204/27
f 514/1205/168 497/778/167 515/777/162 498/1206/168
f 517/1207/159 499/1208/159 522/787/161 521/788/161
f 499/1209/9 519/1210/9 520/1211/9 522/1212/9
f 524/1213/27 525/1214/27 500/1215/27 523/1216/27
f 501/1217/168 502/750/162 504/749/162 503/1218/168
f 524/1219/170 526/1220/170 527/794/166 525/793/166
f 194/1221/220 193/1222/220 552/1223/20 186/1224/8
f 195/1225/221 187/1226/5 188/1227/62 196/1228/221
f 550/1229/222 583/1230/223 584/1231/224 551/1232/224
f 541/1233/225 562/1234/226 563/1235/227 542/1236/228
f 199/1237/229 190/1238/90 189/1239/101 569/1240/229
f 570/1241/230 571/1242/230 555/1243/131 191/1244/89
f 198/1245/231 554/1246/99 185/1247/19 568/1248/231
f 197/1249/232 553/1250/60 192/1251/130 572/1252/232
f 529/1253/24 552/1223/20 185/1247/19 530/1254/24
f 531/1255/24 187/1226/5 186/1224/8 528/1256/24
f 533/1257/24 553/1250/60 188/1227/62 532/1258/24
f 528/1256/24 186/1224/8 552/1223/20 529/1253/24
f 532/1258/24 188/1227/62 187/1226/5 531/1255/24
f 542/1259/24 554/1246/99 189/1239/101 541/1260/24
f 540/1261/24 190/1238/90 191/1244/89 543/1262/24
f 544/1263/24 555/1243/131 192/1251/130 545/1264/24
f 541/1260/24 189/1239/101 190/1238/90 540/1261/24
f 543/1262/24 191/1244/89 555/1243/131 544/1263/24
f 530/1254/24 185/1247/19 554/1246/99 542/1259/24
f 545/1264/24 192/1251/130 553/1250/60 533/1257/24
f 561/1265/24 562/1266/24 564/1267/24 567/1268/24
f 532/1269/233 560/1270/234 561/1271/235 533/1272/236
f 544/1273/237 566/1274/238 565/1275/239 543/1276/239
f 543/1276/239 565/1275/239 564/1277/240 540/1278/240
f 529/1279/241 556/1280/242 558/1281/243 528/1282/243
f 542/1236/228 563/1235/227 557/1283/244 530/1284/245
f 530/1285/245 557/1286/244 556/1280/242 529/1279/241
f 545/1287/246 567/1288/247 566/1274/238 544/1273/237
f 531/1289/248 559/1290/248 560/1270/234 532/1269/233
f 533/1272/236 561/1271/235 567/1288/247 545/1287/246
f 528/1282/243 558/1281/243 559/1290/248 531/1289/248
f 540/1278/240 564/1277/240 562/1234/226 541/1233/225
f 535/1291/30 568/1292/80 193/1293/79 534/1294/30
f 536/1295/30 194/1296/82 195/1297/81 537/1298/30
f 538/1299/30 196/1300/84 197/1301/83 539/1302/30
f 534/1294/30 193/1293/79 194/1296/82 536/1295/30
f 537/1298/30 195/1297/81 196/1300/84 538/1299/30
f 546/1303/30 569/1304/141 198/1305/140 547/1306/30
f 549/1307/30 570/1308/143 199/1309/142 548/1310/30
f 551/1311/30 572/1312/145 571/1313/144 550/1314/30
f 548/1310/30 199/1309/142 569/1304/141 546/1303/30
f 550/1314/30 571/1313/144 570/1308/143 549/1307/30
f 547/1306/30 198/1305/140 568/1292/80 535/1291/30
f 539/1302/30 197/1301/83 572/1312/145 551/1311/30
f 564/1267/24 565/1315/24 566/1316/24 567/1268/24
f 538/1317/249 577/1318/249 576/1319/250 537/1320/250
f 551/1232/224 584/1231/224 578/1321/251 539/1322/251
f 537/1320/250 576/1319/250 575/1323/252 536/1324/252
f 546/1325/253 580/1326/254 581/1327/255 548/1328/255
f 547/1329/256 579/1330/256 580/1326/254 546/1325/253
f 539/1322/251 578/1321/251 577/1318/249 538/1317/249
f 549/1331/257 582/1332/257 583/1333/223 550/1334/222
f 548/1328/255 581/1327/255 582/1335/257 549/1336/257
f 536/1324/252 575/1323/252 574/1337/258 534/1338/259
f 535/1339/260 573/1340/260 579/1330/256 547/1329/256
f 534/1338/259 574/1337/258 573/1340/260 535/1339/260
f 560/1341/24 563/1342/24 562/1266/24 561/1265/24
f 559/1343/24 557/1344/24 563/1342/24 560/1341/24
f 558/1345/24 556/1346/24 557/1344/24 559/1343/24
f 573/1347/30 574/1348/30 575/1349/30 576/1350/30
f 577/1351/30 579/1352/30 573/1347/30 576/1350/30
f 578/1353/30 580/1354/30 579/1352/30 577/1351/30
f 584/1355/30 581/1356/30 580/1354/30 578/1353/30
f 583/1357/30 582/1358/30 581/1356/30 584/1355/30
f 586/1359/261 585/1360/262 28/1361/44 29/1362/39
f 74/1363/71 604/1364/263 605/1365/264 597/1366/72
f 29/1362/39 30/1367/38 587/1368/265 586/1359/261
f 588/1369/43 603/1370/266 602/1371/267 589/1372/40
f 588/1373/24 589/1374/24 29/1375/24 28/1376/24
f 601/1377/30 592/1378/30 622/1379/30 629/1380/30
f 619/1381/115 629/1382/268 630/1383/269 121/1384/116
f 28/1385/44 585/1386/262 593/1387/270 71/1388/45
f 594/1389/271 72/1390/69 71/1388/45 593/1387/270
f 603/1370/266 588/1369/43 596/1391/42 606/1392/272
f 72/1390/69 594/1389/271 595/1393/273 73/1394/70
f 597/1366/72 605/1365/264 606/1392/272 596/1391/42
f 596/1395/24 71/1396/24 72/1397/24 597/1398/24
f 592/1378/30 601/1377/30 602/1399/30 591/1400/30
f 591/1400/30 602/1399/30 603/1401/30 590/1402/30
f 622/1403/274 592/1404/275 607/1405/275 635/1406/274
f 599/1407/30 605/1408/30 604/1409/30 600/1410/30
f 598/1411/30 606/1412/30 605/1408/30 599/1407/30
f 590/1402/30 603/1401/30 606/1412/30 598/1411/30
f 590/1413/276 609/1414/277 608/1415/278 591/1416/279
f 600/1417/280 610/1418/280 611/1419/281 599/1420/282
f 628/1421/30 600/1410/30 604/1409/30 632/1422/30
f 599/1420/282 611/1419/281 612/1423/283 598/1424/284
f 598/1425/284 612/1426/283 609/1414/277 590/1413/276
f 591/1416/279 608/1415/278 607/1405/275 592/1404/275
f 166/1427/139 632/1428/285 604/1364/263 74/1363/71
f 618/1429/114 615/1430/286 587/1368/265 30/1367/38
f 618/1431/24 30/1432/24 31/1433/24 619/1434/24
f 165/1435/136 73/1394/70 595/1393/273 625/1436/287
f 165/1437/24 166/1438/24 74/1439/24 73/1440/24
f 610/1418/280 600/1417/280 628/1441/288 638/1442/288
f 614/1443/289 617/1444/113 616/1445/120 613/1446/290
f 163/1447/138 633/1448/291 632/1428/285 166/1427/139
f 617/1444/113 614/1443/289 615/1430/286 618/1429/114
f 121/1384/116 630/1383/269 631/1449/292 120/1450/117
f 120/1451/24 616/1452/24 617/1453/24 121/1454/24
f 619/1381/115 31/1455/41 601/1456/293 629/1382/268
f 616/1445/120 161/1457/119 623/1458/294 613/1446/290
f 624/1459/295 623/1458/294 161/1457/119 164/1460/137
f 631/1449/292 634/1461/296 162/1462/118 120/1450/117
f 164/1460/137 165/1435/136 625/1436/287 624/1459/295
f 162/1463/118 634/1464/296 633/1448/291 163/1447/138
f 162/1465/24 163/1466/24 164/1467/24 161/1468/24
f 622/1379/30 621/1469/30 630/1470/30 629/1380/30
f 621/1469/30 620/1471/30 631/1472/30 630/1470/30
f 627/1473/30 628/1421/30 632/1422/30 633/1474/30
f 626/1475/30 627/1473/30 633/1474/30 634/1476/30
f 620/1471/30 626/1475/30 634/1476/30 631/1472/30
f 620/1477/297 621/1478/298 636/1479/299 637/1480/300
f 628/1441/288 627/1481/301 639/1482/302 638/1442/288
f 627/1481/301 626/1483/303 640/1484/304 639/1482/302
f 626/1483/303 620/1477/297 637/1480/300 640/1484/304
f 621/1478/298 622/1403/274 635/1406/274 636/1479/299
f 615/1485/24 614/1486/24 613/1487/24 623/1488/24
f 585/1489/24 595/1490/24 594/1491/24 593/1492/24
f 586/1493/24 625/1494/24 595/1490/24 585/1489/24
f 587/1495/24 624/1496/24 625/1494/24 586/1493/24
f 615/1485/24 623/1488/24 624/1496/24 587/1495/24
f 639/1497/30 611/1498/30 610/1499/30 638/1500/30
f 640/1501/30 612/1502/30 611/1498/30 639/1497/30
f 637/1503/30 609/1504/30 612/1502/30 640/1501/30
f 636/1505/30 608/1506/30 609/1504/30 637/1503/30
f 635/1507/30 607/1508/30 608/1506/30 636/1505/30
f 589/1372/40 602/1371/267 601/1456/293 31/1455/41
f 643/1509/150 758/1510/150 646/1511/150 647/1512/150
f 751/1513/149 642/1514/149 750/1515/149 641/1516/149
f 757/1517/305 754/1518/305 750/1519/306 642/1520/306
f 752/1521/307 756/1522/308 751/1523/309 641/1524/309
f 756/1525/310 757/1526/310 642/1527/311 751/1528/311
f 755/1529/150 753/1530/150 648/1531/150 649/1532/150
f 754/1518/305 757/1517/305 758/1533/24 643/1534/24
f 643/1535/9 753/1536/9 752/1537/312 754/1538/312
f 641/1539/313 750/1540/313 754/1538/312 752/1537/312
f 760/1541/24 759/1542/24 647/1543/24 646/1544/24
f 648/1545/9 647/1546/9 759/1547/9 644/1548/9
f 645/1549/27 760/1550/27 646/1551/27 649/1552/27
f 644/1553/30 645/1554/30 649/1555/30 648/1556/30
f 753/1530/150 643/1509/150 647/1512/150 648/1531/150
f 758/1510/150 755/1529/150 649/1532/150 646/1511/150
f 656/1557/28 661/1558/28 666/1559/28 667/1560/28
f 652/1561/26 653/1562/26 651/1563/26 650/1564/26
f 660/1565/314 657/1566/314 651/1567/315 653/1568/315
f 654/1569/316 659/1570/317 652/1571/318 650/1572/318
f 659/1573/319 660/1574/319 653/1575/320 652/1576/320
f 658/1577/28 655/1578/28 668/1579/28 669/1580/28
f 657/1566/314 660/1565/314 661/1581/24 656/1582/24
f 659/1570/317 654/1569/316 655/1583/30 658/1584/30
f 660/1574/319 659/1573/319 658/1585/18 661/1586/18
f 656/1587/23 655/1588/23 654/1589/321 657/1590/322
f 650/1591/323 651/1592/323 657/1590/322 654/1589/321
f 665/1593/24 662/1594/24 667/1595/24 666/1596/24
f 668/1597/23 667/1598/23 662/1599/23 663/1600/23
f 664/1601/18 665/1602/18 666/1603/18 669/1604/18
f 663/1605/30 664/1606/30 669/1607/30 668/1608/30
f 655/1578/28 656/1557/28 667/1560/28 668/1579/28
f 661/1558/28 658/1577/28 669/1580/28 666/1559/28
f 676/1609/111 681/1610/111 686/1611/111 687/1612/111
f 672/1613/110 673/1614/110 671/1615/110 670/1616/110
f 680/1617/324 677/1618/324 671/1619/325 673/1620/325
f 674/1621/326 679/1622/327 672/1623/328 670/1624/328
f 679/1625/329 680/1626/329 673/1627/330 672/1628/330
f 678/1629/111 675/1630/111 688/1631/111 689/1632/111
f 677/1618/324 680/1617/324 681/1633/24 676/1634/24
f 679/1622/327 674/1621/326 675/1635/30 678/1636/30
f 680/1626/329 679/1625/329 678/1637/59 681/1638/59
f 676/1639/64 675/1640/64 674/1641/331 677/1642/331
f 670/1643/332 671/1644/332 677/1642/331 674/1641/331
f 685/1645/24 682/1646/24 687/1647/24 686/1648/24
f 688/1649/64 687/1650/64 682/1651/64 683/1652/64
f 684/1653/59 685/1654/59 686/1655/59 689/1656/59
f 683/1657/30 684/1658/30 689/1659/30 688/1660/30
f 675/1630/111 676/1609/111 687/1612/111 688/1631/111
f 681/1610/111 678/1629/111 689/1632/111 686/1611/111
f 696/1661/149 701/1662/149 706/1663/149 707/1664/149
f 692/1665/150 693/1666/150 691/1667/150 690/1668/150
f 700/1669/333 697/1670/334 691/1671/335 693/1672/335
f 694/1673/336 699/1674/336 692/1675/337 690/1676/337
f 699/1677/338 700/1678/339 693/1679/340 692/1680/340
f 698/1681/149 695/1682/149 708/1683/149 709/1684/149
f 697/1670/334 700/1669/333 701/1685/24 696/1686/24
f 699/1674/336 694/1673/336 695/1687/30 698/1688/30
f 700/1678/339 699/1677/338 698/1689/9 701/1690/9
f 696/1691/27 695/1692/27 694/1693/341 697/1694/342
f 690/1695/343 691/1696/343 697/1694/342 694/1693/341
f 705/1697/24 702/1698/24 707/1699/24 706/1700/24
f 708/1701/27 707/1702/27 702/1703/27 703/1704/27
f 704/1705/9 705/1706/9 706/1707/9 709/1708/9
f 703/1709/30 704/1710/30 709/1711/30 708/1712/30
f 695/1682/149 696/1661/149 707/1664/149 708/1683/149
f 701/1662/149 698/1681/149 709/1684/149 706/1663/149
f 716/1713/26 721/1714/26 726/1715/26 727/1716/26
f 712/1717/28 713/1718/28 711/1719/28 710/1720/28
f 720/1721/344 717/1722/345 711/1723/346 713/1724/346
f 714/1725/347 719/1726/348 712/1727/349 710/1728/349
f 719/1729/350 720/1730/351 713/1731/352 712/1732/352
f 718/1733/26 715/1734/26 728/1735/26 729/1736/26
f 717/1722/345 720/1721/344 721/1737/24 716/1738/24
f 719/1726/348 714/1725/347 715/1739/30 718/1740/30
f 720/1730/351 719/1729/350 718/1741/23 721/1742/23
f 716/1743/18 715/1744/18 714/1745/353 717/1746/353
f 710/1747/354 711/1748/354 717/1746/353 714/1745/353
f 725/1749/24 722/1750/24 727/1751/24 726/1752/24
f 728/1753/18 727/1754/18 722/1755/18 723/1756/18
f 724/1757/23 725/1758/23 726/1759/23 729/1760/23
f 723/1761/30 724/1762/30 729/1763/30 728/1764/30
f 715/1734/26 716/1713/26 727/1716/26 728/1735/26
f 721/1714/26 718/1733/26 729/1736/26 726/1715/26
f 736/1765/110 741/1766/110 746/1767/110 747/1768/110
f 732/1769/111 733/1770/111 731/1771/111 730/1772/111
f 740/1773/355 737/1774/356 731/1775/357 733/1776/357
f 734/1777/358 739/1778/358 732/1779/359 730/1780/359
f 739/1781/360 740/1782/361 733/1783/362 732/1784/362
f 738/1785/110 735/1786/110 748/1787/110 749/1788/110
f 737/1774/356 740/1773/355 741/1789/24 736/1790/24
f 739/1778/358 734/1777/358 735/1791/30 738/1792/30
f 740/1782/361 739/1781/360 738/1793/64 741/1794/64
f 736/1795/59 735/1796/59 734/1797/363 737/1798/363
f 730/1799/364 731/1800/364 737/1798/363 734/1797/363
f 745/1801/24 742/1802/24 747/1803/24 746/1804/24
f 748/1805/59 747/1806/59 742/1807/59 743/1808/59
f 744/1809/64 745/1810/64 746/1811/64 749/1812/64
f 743/1813/30 744/1814/30 749/1815/30 748/1816/30
f 735/1786/110 736/1765/110 747/1768/110 748/1787/110
f 741/1766/110 738/1785/110 749/1788/110 746/1767/110
f 756/1522/308 752/1521/307 753/1817/30 755/1818/30
f 757/1526/310 756/1525/310 755/1819/27 758/1820/27
